algorithm_accepted_steps,algorithm_converged,algorithm_final_damping,algorithm_final_innovation_norm,algorithm_iteration_count,algorithm_iteration_limit_reached,algorithm_jacobian_rank,algorithm_numerical_failure,algorithm_pi_shape,algorithm_posterior_covariance_trace,algorithm_process_noise_std_km,algorithm_reference_satellite_clock_in_state,algorithm_residual_norm,algorithm_stage,algorithm_state_dim,algorithm_status,algorithm_step_norm,algorithm_theta_dim,algorithm_truth_centered_initialization,algorithm_update_completed,algorithm_upstream_status,algorithm_upstream_success,algorithm_uses_innovation_z_minus_h_pred,baseline_id,baseline_label,baseline_observability_condition_number,baseline_observability_is_full_rank,baseline_observability_measurement_count,baseline_observability_nullity,baseline_observability_rank,baseline_observability_records,baseline_observability_reportable,baseline_observability_scope,baseline_observability_state_dim,case_index,clock_std_ns,cost,estimator_mode,figure_id,full_jcls_scenario_condition_number,full_jcls_scenario_crlb_status,full_jcls_scenario_fim_nullity,full_jcls_scenario_fim_rank,full_jcls_scenario_is_full_rank,full_jcls_scenario_measurement_count,full_jcls_scenario_parameter_dim,nfev,num_satellites,num_users,parameter_dim,position_error_mean_m,position_error_median_m,position_error_rmse_m,range_std_dev_km,rank_metadata_note,rank_metadata_scope,series_value,success,sync_error_mean_s,trial,trial_seed,x_value
,,,,,,,,,,1e-05,False,,step1_coarse_individual_dl_gn,,,,,False,,,,,without_cooperation,Without cooperation,66.63850845733332,True,24,0,9,"[{'user_id': 1, 'measurement_count': 8, 'state_dim': 3, 'rank': 3, 'nullity': 0, 'is_full_rank': True, 'condition_number': 66.63850845733332}, {'user_id': 2, 'measurement_count': 8, 'state_dim': 3, 'rank': 3, 'nullity': 0, 'is_full_rank': True, 'condition_number': 66.60794975766088}, {'user_id': 3, 'measurement_count': 8, 'state_dim': 3, 'rank': 3, 'nullity': 0, 'is_full_rank': True, 'condition_number': 66.57361511321562}]",True,without_cooperation_independent_dl_position_blocks,9,0,10.0,,v24_three_stage_dynamic,fig6_localization_vs_clock_std_human_review,1648901842646.159,finite_crlb,0,19,True,30,19,,8,3,19,11.635544652472786,10.58933028311102,11.743626049946084,,Rank diagnostics use the full gauged V24 theta and scenario links for the selected epoch count; they are not baseline-specific observability claims.,full_jcls_scenario_not_baseline_observability,clock_sweep,True,7.933204104507732e-09,0,20278525,10.0
15,False,0.6969171937625633,,25,True,19,False,,,1e-05,False,2.698787676946827,step2_joint_lm_jcls,,updated_not_converged,0.05535082633013286,,False,,,,,coarse_jcls,Coarse JCLS,1648909583167.806,True,30,0,19,,True,coarse_jcls_full_gauged_v24_theta,19,0,10.0,,v24_three_stage_dynamic,fig6_localization_vs_clock_std_human_review,1648901842646.159,finite_crlb,0,19,True,30,19,25,8,3,19,1733.9365127618391,1733.8188540085337,1733.9365303051775,,Rank diagnostics use the full gauged V24 theta and scenario links for the selected epoch count; they are not baseline-specific observability claims.,full_jcls_scenario_not_baseline_observability,clock_sweep,False,2.0997912683716555e-06,0,20278525,10.0
,False,,221.08918138455047,5,,19,False,"[19, 19]",0.002228770005233369,1e-05,False,,step3_dynamic_sci_sfi_information_update,19,updated_upstream_not_converged,,19,False,True,updated_not_converged,False,True,refined_jcls,"Refined JCLS, 0.5 s",1648856305147.882,True,150,0,19,,True,refined_jcls_full_gauged_v24_theta,19,0,10.0,,v24_three_stage_dynamic,fig6_localization_vs_clock_std_human_review,1648870890544.4275,finite_crlb,0,19,True,150,19,5,8,3,19,4074.823452323027,4074.8160920886044,4074.8234524980753,,Rank diagnostics use the full gauged V24 theta and scenario links for the selected epoch count; they are not baseline-specific observability claims.,full_jcls_scenario_not_baseline_observability,clock_sweep,False,3.94383963368137e-06,0,20278525,10.0
,,,,,,,,,,1e-05,False,,step1_coarse_individual_dl_gn,,,,,False,,,,,without_cooperation,Without cooperation,66.63850845733332,True,24,0,9,"[{'user_id': 1, 'measurement_count': 8, 'state_dim': 3, 'rank': 3, 'nullity': 0, 'is_full_rank': True, 'condition_number': 66.63850845733332}, {'user_id': 2, 'measurement_count': 8, 'state_dim': 3, 'rank': 3, 'nullity': 0, 'is_full_rank': True, 'condition_number': 66.60794975766088}, {'user_id': 3, 'measurement_count': 8, 'state_dim': 3, 'rank': 3, 'nullity': 0, 'is_full_rank': True, 'condition_number': 66.57361511321562}]",True,without_cooperation_independent_dl_position_blocks,9,0,10.0,,v24_three_stage_dynamic,fig6_localization_vs_clock_std_human_review,1648901842646.159,finite_crlb,0,19,True,30,19,,8,3,19,11.259433803053248,11.1634440151461,11.317885967287603,,Rank diagnostics use the full gauged V24 theta and scenario links for the selected epoch count; they are not baseline-specific observability claims.,full_jcls_scenario_not_baseline_observability,clock_sweep,True,7.933204104507732e-09,1,20286444,10.0
10,True,16.935087808430286,,19,False,19,False,,,1e-05,False,3.584128242671818,step2_joint_lm_jcls,,converged,4.617038533717969e-12,,False,,,,,coarse_jcls,Coarse JCLS,1648909583167.806,True,30,0,19,,True,coarse_jcls_full_gauged_v24_theta,19,0,10.0,,v24_three_stage_dynamic,fig6_localization_vs_clock_std_human_review,1648901842646.159,finite_crlb,0,19,True,30,19,19,8,3,19,5493.7565962440385,5493.694350368344,5493.7565976734095,,Rank diagnostics use the full gauged V24 theta and scenario links for the selected epoch count; they are not baseline-specific observability claims.,full_jcls_scenario_not_baseline_observability,clock_sweep,True,2.617532032024093e-06,1,20286444,10.0
,True,,137.07789711434353,5,,19,False,"[19, 19]",0.009475978475717548,1e-05,False,,step3_dynamic_sci_sfi_information_update,19,updated,,19,False,True,converged,True,True,refined_jcls,"Refined JCLS, 0.5 s",1648856305147.882,True,150,0,19,,True,refined_jcls_full_gauged_v24_theta,19,0,10.0,,v24_three_stage_dynamic,fig6_localization_vs_clock_std_human_review,1648870890544.4275,finite_crlb,0,19,True,150,19,5,8,3,19,4293.30099189104,4293.249327111223,4293.300992870662,,Rank diagnostics use the full gauged V24 theta and scenario links for the selected epoch count; they are not baseline-specific observability claims.,full_jcls_scenario_not_baseline_observability,clock_sweep,True,2.1749638245192426e-06,1,20286444,10.0
,,,,,,,,,,1e-05,False,,step1_coarse_individual_dl_gn,,,,,False,,,,,without_cooperation,Without cooperation,66.63850845733332,True,24,0,9,"[{'user_id': 1, 'measurement_count': 8, 'state_dim': 3, 'rank': 3, 'nullity': 0, 'is_full_rank': True, 'condition_number': 66.63850845733332}, {'user_id': 2, 'measurement_count': 8, 'state_dim': 3, 'rank': 3, 'nullity': 0, 'is_full_rank': True, 'condition_number': 66.60794975766088}, {'user_id': 3, 'measurement_count': 8, 'state_dim': 3, 'rank': 3, 'nullity': 0, 'is_full_rank': True, 'condition_number': 66.57361511321562}]",True,without_cooperation_independent_dl_position_blocks,9,0,10.0,,v24_three_stage_dynamic,fig6_localization_vs_clock_std_human_review,1648901842646.159,finite_crlb,0,19,True,30,19,,8,3,19,11.217955489257681,11.471672652156778,11.269729532526066,,Rank diagnostics use the full gauged V24 theta and scenario links for the selected epoch count; they are not baseline-specific observability claims.,full_jcls_scenario_not_baseline_observability,clock_sweep,True,7.933204104507732e-09,2,20294363,10.0
15,False,0.6969171937625634,,25,True,19,False,,,1e-05,False,3.3913093686538955,step2_joint_lm_jcls,,updated_not_converged,0.060904949384844524,,False,,,,,coarse_jcls,Coarse JCLS,1648909583167.806,True,30,0,19,,True,coarse_jcls_full_gauged_v24_theta,19,0,10.0,,v24_three_stage_dynamic,fig6_localization_vs_clock_std_human_review,1648901842646.159,finite_crlb,0,19,True,30,19,25,8,3,19,1907.1379718690107,1907.348927592085,1907.1380092560682,,Rank diagnostics use the full gauged V24 theta and scenario links for the selected epoch count; they are not baseline-specific observability claims.,full_jcls_scenario_not_baseline_observability,clock_sweep,False,1.422872775910682e-06,2,20294363,10.0
,False,,179.42451272187162,5,,19,False,"[19, 19]",0.0024182442644544826,1e-05,False,,step3_dynamic_sci_sfi_information_update,19,updated_upstream_not_converged,,19,False,True,updated_not_converged,False,True,refined_jcls,"Refined JCLS, 0.5 s",1648856305147.882,True,150,0,19,,True,refined_jcls_full_gauged_v24_theta,19,0,10.0,,v24_three_stage_dynamic,fig6_localization_vs_clock_std_human_review,1648870890544.4275,finite_crlb,0,19,True,150,19,5,8,3,19,3569.5157168804812,3569.5454474930466,3569.5157194546337,,Rank diagnostics use the full gauged V24 theta and scenario links for the selected epoch count; they are not baseline-specific observability claims.,full_jcls_scenario_not_baseline_observability,clock_sweep,False,2.4409454335970055e-06,2,20294363,10.0
,,,,,,,,,,1e-05,False,,step1_coarse_individual_dl_gn,,,,,False,,,,,without_cooperation,Without cooperation,66.63850845733332,True,24,0,9,"[{'user_id': 1, 'measurement_count': 8, 'state_dim': 3, 'rank': 3, 'nullity': 0, 'is_full_rank': True, 'condition_number': 66.63850845733332}, {'user_id': 2, 'measurement_count': 8, 'state_dim': 3, 'rank': 3, 'nullity': 0, 'is_full_rank': True, 'condition_number': 66.60794975766088}, {'user_id': 3, 'measurement_count': 8, 'state_dim': 3, 'rank': 3, 'nullity': 0, 'is_full_rank': True, 'condition_number': 66.57361511321562}]",True,without_cooperation_independent_dl_position_blocks,9,0,10.0,,v24_three_stage_dynamic,fig6_localization_vs_clock_std_human_review,1648901842646.159,finite_crlb,0,19,True,30,19,,8,3,19,11.519381968877,10.64874328279983,11.637127689684032,,Rank diagnostics use the full gauged V24 theta and scenario links for the selected epoch count; they are not baseline-specific observability claims.,full_jcls_scenario_not_baseline_observability,clock_sweep,True,7.933204104507732e-09,3,20302282,10.0
5,True,41.15226337448559,,12,False,19,False,,,1e-05,False,4.341183148279466,step2_joint_lm_jcls,,converged,2.8040895288781102e-11,,False,,,,,coarse_jcls,Coarse JCLS,1648909583167.806,True,30,0,19,,True,coarse_jcls_full_gauged_v24_theta,19,0,10.0,,v24_three_stage_dynamic,fig6_localization_vs_clock_std_human_review,1648901842646.159,finite_crlb,0,19,True,30,19,12,8,3,19,3131.5589025071836,3131.3533275983345,3131.5589519075606,,Rank diagnostics use the full gauged V24 theta and scenario links for the selected epoch count; they are not baseline-specific observability claims.,full_jcls_scenario_not_baseline_observability,clock_sweep,True,2.948096187235827e-06,3,20302282,10.0
,True,,307.1335289532551,5,,19,False,"[19, 19]",0.004463370335736369,1e-05,False,,step3_dynamic_sci_sfi_information_update,19,updated,,19,False,True,converged,True,True,refined_jcls,"Refined JCLS, 0.5 s",1648856305147.882,True,150,0,19,,True,refined_jcls_full_gauged_v24_theta,19,0,10.0,,v24_three_stage_dynamic,fig6_localization_vs_clock_std_human_review,1648870890544.4275,finite_crlb,0,19,True,150,19,5,8,3,19,2391.156514961181,2391.1310308538245,2391.156516974553,,Rank diagnostics use the full gauged V24 theta and scenario links for the selected epoch count; they are not baseline-specific observability claims.,full_jcls_scenario_not_baseline_observability,clock_sweep,True,2.252090038515284e-06,3,20302282,10.0
,,,,,,,,,,1e-05,False,,step1_coarse_individual_dl_gn,,,,,False,,,,,without_cooperation,Without cooperation,66.63850845733332,True,24,0,9,"[{'user_id': 1, 'measurement_count': 8, 'state_dim': 3, 'rank': 3, 'nullity': 0, 'is_full_rank': True, 'condition_number': 66.63850845733332}, {'user_id': 2, 'measurement_count': 8, 'state_dim': 3, 'rank': 3, 'nullity': 0, 'is_full_rank': True, 'condition_number': 66.60794975766088}, {'user_id': 3, 'measurement_count': 8, 'state_dim': 3, 'rank': 3, 'nullity': 0, 'is_full_rank': True, 'condition_number': 66.57361511321562}]",True,without_cooperation_independent_dl_position_blocks,9,0,10.0,,v24_three_stage_dynamic,fig6_localization_vs_clock_std_human_review,1648901842646.159,finite_crlb,0,19,True,30,19,,8,3,19,11.021804204144216,10.26549497738986,11.101716883160332,,Rank diagnostics use the full gauged V24 theta and scenario links for the selected epoch count; they are not baseline-specific observability claims.,full_jcls_scenario_not_baseline_observability,clock_sweep,True,7.933204104507732e-09,4,20310201,10.0
8,True,0.1524157902758726,,14,False,19,False,,,1e-05,False,3.171286581891418,step2_joint_lm_jcls,,converged,2.4368182052251445e-10,,False,,,,,coarse_jcls,Coarse JCLS,1648909583167.806,True,30,0,19,,True,coarse_jcls_full_gauged_v24_theta,19,0,10.0,,v24_three_stage_dynamic,fig6_localization_vs_clock_std_human_review,1648901842646.159,finite_crlb,0,19,True,30,19,14,8,3,19,4492.046626312251,4491.9858702882,4492.046628426671,,Rank diagnostics use the full gauged V24 theta and scenario links for the selected epoch count; they are not baseline-specific observability claims.,full_jcls_scenario_not_baseline_observability,clock_sweep,True,2.8816175476818373e-06,4,20310201,10.0
,True,,685.9941074054703,5,,19,False,"[19, 19]",0.0023487847503471126,1e-05,False,,step3_dynamic_sci_sfi_information_update,19,updated,,19,False,True,converged,True,True,refined_jcls,"Refined JCLS, 0.5 s",1648856305147.882,True,150,0,19,,True,refined_jcls_full_gauged_v24_theta,19,0,10.0,,v24_three_stage_dynamic,fig6_localization_vs_clock_std_human_review,1648870890544.4275,finite_crlb,0,19,True,150,19,5,8,3,19,6697.443169481126,6697.311602676954,6697.443173406264,,Rank diagnostics use the full gauged V24 theta and scenario links for the selected epoch count; they are not baseline-specific observability claims.,full_jcls_scenario_not_baseline_observability,clock_sweep,True,4.7665197880176134e-06,4,20310201,10.0
,,,,,,,,,,1e-05,False,,step1_coarse_individual_dl_gn,,,,,False,,,,,without_cooperation,Without cooperation,66.63850845733332,True,24,0,9,"[{'user_id': 1, 'measurement_count': 8, 'state_dim': 3, 'rank': 3, 'nullity': 0, 'is_full_rank': True, 'condition_number': 66.63850845733332}, {'user_id': 2, 'measurement_count': 8, 'state_dim': 3, 'rank': 3, 'nullity': 0, 'is_full_rank': True, 'condition_number': 66.60794975766088}, {'user_id': 3, 'measurement_count': 8, 'state_dim': 3, 'rank': 3, 'nullity': 0, 'is_full_rank': True, 'condition_number': 66.57361511321562}]",True,without_cooperation_independent_dl_position_blocks,9,0,10.0,,v24_three_stage_dynamic,fig6_localization_vs_clock_std_human_review,1648901842646.159,finite_crlb,0,19,True,30,19,,8,3,19,12.07353757511803,11.603750463605623,12.091916381845785,,Rank diagnostics use the full gauged V24 theta and scenario links for the selected epoch count; they are not baseline-specific observability claims.,full_jcls_scenario_not_baseline_observability,clock_sweep,True,7.933204104507732e-09,5,20318120,10.0
15,False,0.6969171937625634,,25,True,19,False,,,1e-05,False,4.048906847660277,step2_joint_lm_jcls,,updated_not_converged,0.11418338406051308,,False,,,,,coarse_jcls,Coarse JCLS,1648909583167.806,True,30,0,19,,True,coarse_jcls_full_gauged_v24_theta,19,0,10.0,,v24_three_stage_dynamic,fig6_localization_vs_clock_std_human_review,1648901842646.159,finite_crlb,0,19,True,30,19,25,8,3,19,3168.1356953862473,3168.322087899313,3168.135709533818,,Rank diagnostics use the full gauged V24 theta and scenario links for the selected epoch count; they are not baseline-specific observability claims.,full_jcls_scenario_not_baseline_observability,clock_sweep,False,2.2286203150442992e-06,5,20318120,10.0
,False,,338.8821251559706,5,,19,False,"[19, 19]",0.0014972971592793767,1e-05,False,,step3_dynamic_sci_sfi_information_update,19,updated_upstream_not_converged,,19,False,True,updated_not_converged,False,True,refined_jcls,"Refined JCLS, 0.5 s",1648856305147.882,True,150,0,19,,True,refined_jcls_full_gauged_v24_theta,19,0,10.0,,v24_three_stage_dynamic,fig6_localization_vs_clock_std_human_review,1648870890544.4275,finite_crlb,0,19,True,150,19,5,8,3,19,5568.41431386138,5568.381808342668,5568.414314734412,,Rank diagnostics use the full gauged V24 theta and scenario links for the selected epoch count; they are not baseline-specific observability claims.,full_jcls_scenario_not_baseline_observability,clock_sweep,False,4.642398645289828e-06,5,20318120,10.0
,,,,,,,,,,1e-05,False,,step1_coarse_individual_dl_gn,,,,,False,,,,,without_cooperation,Without cooperation,66.63850845733332,True,24,0,9,"[{'user_id': 1, 'measurement_count': 8, 'state_dim': 3, 'rank': 3, 'nullity': 0, 'is_full_rank': True, 'condition_number': 66.63850845733332}, {'user_id': 2, 'measurement_count': 8, 'state_dim': 3, 'rank': 3, 'nullity': 0, 'is_full_rank': True, 'condition_number': 66.60794975766088}, {'user_id': 3, 'measurement_count': 8, 'state_dim': 3, 'rank': 3, 'nullity': 0, 'is_full_rank': True, 'condition_number': 66.57361511321562}]",True,without_cooperation_independent_dl_position_blocks,9,0,10.0,,v24_three_stage_dynamic,fig6_localization_vs_clock_std_human_review,1648901842646.159,finite_crlb,0,19,True,30,19,,8,3,19,11.829873105229609,11.152347310060703,11.877646740378315,,Rank diagnostics use the full gauged V24 theta and scenario links for the selected epoch count; they are not baseline-specific observability claims.,full_jcls_scenario_not_baseline_observability,clock_sweep,True,7.933204104507732e-09,6,20326039,10.0
5,True,4.11522633744856,,11,False,19,False,,,1e-05,False,3.846109524670825,step2_joint_lm_jcls,,converged,1.9746431006348225e-09,,False,,,,,coarse_jcls,Coarse JCLS,1648909583167.806,True,30,0,19,,True,coarse_jcls_full_gauged_v24_theta,19,0,10.0,,v24_three_stage_dynamic,fig6_localization_vs_clock_std_human_review,1648901842646.159,finite_crlb,0,19,True,30,19,11,8,3,19,3646.0211632969063,3646.098853100253,3646.021168606029,,Rank diagnostics use the full gauged V24 theta and scenario links for the selected epoch count; they are not baseline-specific observability claims.,full_jcls_scenario_not_baseline_observability,clock_sweep,True,2.695553566815853e-06,6,20326039,10.0
,True,,870.4151762354887,5,,19,False,"[19, 19]",0.002377511598210702,1e-05,False,,step3_dynamic_sci_sfi_information_update,19,updated,,19,False,True,converged,True,True,refined_jcls,"Refined JCLS, 0.5 s",1648856305147.882,True,150,0,19,,True,refined_jcls_full_gauged_v24_theta,19,0,10.0,,v24_three_stage_dynamic,fig6_localization_vs_clock_std_human_review,1648870890544.4275,finite_crlb,0,19,True,150,19,5,8,3,19,5576.277073962053,5576.259715292308,5576.2770757185235,,Rank diagnostics use the full gauged V24 theta and scenario links for the selected epoch count; they are not baseline-specific observability claims.,full_jcls_scenario_not_baseline_observability,clock_sweep,True,3.313536288560482e-06,6,20326039,10.0
,,,,,,,,,,1e-05,False,,step1_coarse_individual_dl_gn,,,,,False,,,,,without_cooperation,Without cooperation,66.63850845733332,True,24,0,9,"[{'user_id': 1, 'measurement_count': 8, 'state_dim': 3, 'rank': 3, 'nullity': 0, 'is_full_rank': True, 'condition_number': 66.63850845733332}, {'user_id': 2, 'measurement_count': 8, 'state_dim': 3, 'rank': 3, 'nullity': 0, 'is_full_rank': True, 'condition_number': 66.60794975766088}, {'user_id': 3, 'measurement_count': 8, 'state_dim': 3, 'rank': 3, 'nullity': 0, 'is_full_rank': True, 'condition_number': 66.57361511321562}]",True,without_cooperation_independent_dl_position_blocks,9,0,10.0,,v24_three_stage_dynamic,fig6_localization_vs_clock_std_human_review,1648901842646.159,finite_crlb,0,19,True,30,19,,8,3,19,10.921003419629306,10.101923099488953,11.003337658093615,,Rank diagnostics use the full gauged V24 theta and scenario links for the selected epoch count; they are not baseline-specific observability claims.,full_jcls_scenario_not_baseline_observability,clock_sweep,True,7.933204104507732e-09,7,20333958,10.0
15,False,0.6969171937625634,,25,True,19,False,,,1e-05,False,3.995666331606132,step2_joint_lm_jcls,,updated_not_converged,0.0723907792735267,,False,,,,,coarse_jcls,Coarse JCLS,1648909583167.806,True,30,0,19,,True,coarse_jcls_full_gauged_v24_theta,19,0,10.0,,v24_three_stage_dynamic,fig6_localization_vs_clock_std_human_review,1648901842646.159,finite_crlb,0,19,True,30,19,25,8,3,19,1815.1314782628071,1815.0195045088835,1815.1314909553466,,Rank diagnostics use the full gauged V24 theta and scenario links for the selected epoch count; they are not baseline-specific observability claims.,full_jcls_scenario_not_baseline_observability,clock_sweep,False,1.6170184199630724e-06,7,20333958,10.0
,False,,101.9062605814833,5,,19,False,"[19, 19]",0.009396986623976582,1e-05,False,,step3_dynamic_sci_sfi_information_update,19,updated_upstream_not_converged,,19,False,True,updated_not_converged,False,True,refined_jcls,"Refined JCLS, 0.5 s",1648856305147.882,True,150,0,19,,True,refined_jcls_full_gauged_v24_theta,19,0,10.0,,v24_three_stage_dynamic,fig6_localization_vs_clock_std_human_review,1648870890544.4275,finite_crlb,0,19,True,150,19,5,8,3,19,3504.4754112011083,3504.295813042133,3504.475427520455,,Rank diagnostics use the full gauged V24 theta and scenario links for the selected epoch count; they are not baseline-specific observability claims.,full_jcls_scenario_not_baseline_observability,clock_sweep,False,2.5577265471888794e-06,7,20333958,10.0
,,,,,,,,,,1e-05,False,,step1_coarse_individual_dl_gn,,,,,False,,,,,without_cooperation,Without cooperation,42.051211160206144,True,24,0,9,"[{'user_id': 1, 'measurement_count': 8, 'state_dim': 3, 'rank': 3, 'nullity': 0, 'is_full_rank': True, 'condition_number': 42.051211160206144}, {'user_id': 2, 'measurement_count': 8, 'state_dim': 3, 'rank': 3, 'nullity': 0, 'is_full_rank': True, 'condition_number': 42.03120632377896}, {'user_id': 3, 'measurement_count': 8, 'state_dim': 3, 'rank': 3, 'nullity': 0, 'is_full_rank': True, 'condition_number': 42.007625214559695}]",True,without_cooperation_independent_dl_position_blocks,9,1,100.0,,v24_three_stage_dynamic,fig6_localization_vs_clock_std_human_review,20823231513.16761,finite_crlb,0,19,True,30,19,,8,3,19,111.79663290135778,110.96222933370788,111.80622398231034,,Rank diagnostics use the full gauged V24 theta and scenario links for the selected epoch count; they are not baseline-specific observability claims.,full_jcls_scenario_not_baseline_observability,clock_sweep,True,5.876515490149649e-08,0,20279534,100.0
7,True,4572473.708276179,,20,False,19,False,,,1e-05,False,2.999294393775148,step2_joint_lm_jcls,,converged,3.9365036643968753e-13,,False,,,,,coarse_jcls,Coarse JCLS,20823204473.38186,True,30,0,19,,True,coarse_jcls_full_gauged_v24_theta,19,1,100.0,,v24_three_stage_dynamic,fig6_localization_vs_clock_std_human_review,20823231513.16761,finite_crlb,0,19,True,30,19,20,8,3,19,5288.477935090482,5288.474039510976,5288.477935352728,,Rank diagnostics use the full gauged V24 theta and scenario links for the selected epoch count; they are not baseline-specific observability claims.,full_jcls_scenario_not_baseline_observability,clock_sweep,True,2.7062013633691827e-06,0,20279534,100.0
,True,,62.20774173501331,5,,19,False,"[19, 19]",0.017037795977801605,1e-05,False,,step3_dynamic_sci_sfi_information_update,19,updated,,19,False,True,converged,True,True,refined_jcls,"Refined JCLS, 0.5 s",20823175391.29131,True,150,0,19,,True,refined_jcls_full_gauged_v24_theta,19,1,100.0,,v24_three_stage_dynamic,fig6_localization_vs_clock_std_human_review,20823212082.410458,finite_crlb,0,19,True,150,19,5,8,3,19,4392.031045390392,4392.003377941115,4392.031045997686,,Rank diagnostics use the full gauged V24 theta and scenario links for the selected epoch count; they are not baseline-specific observability claims.,full_jcls_scenario_not_baseline_observability,clock_sweep,True,2.2378943409872758e-06,0,20279534,100.0
,,,,,,,,,,1e-05,False,,step1_coarse_individual_dl_gn,,,,,False,,,,,without_cooperation,Without cooperation,42.051211160206144,True,24,0,9,"[{'user_id': 1, 'measurement_count': 8, 'state_dim': 3, 'rank': 3, 'nullity': 0, 'is_full_rank': True, 'condition_number': 42.051211160206144}, {'user_id': 2, 'measurement_count': 8, 'state_dim': 3, 'rank': 3, 'nullity': 0, 'is_full_rank': True, 'condition_number': 42.03120632377896}, {'user_id': 3, 'measurement_count': 8, 'state_dim': 3, 'rank': 3, 'nullity': 0, 'is_full_rank': True, 'condition_number': 42.007625214559695}]",True,without_cooperation_independent_dl_position_blocks,9,1,100.0,,v24_three_stage_dynamic,fig6_localization_vs_clock_std_human_review,20823231513.16761,finite_crlb,0,19,True,30,19,,8,3,19,111.73472201838176,111.04286547320214,111.74706079016241,,Rank diagnostics use the full gauged V24 theta and scenario links for the selected epoch count; they are not baseline-specific observability claims.,full_jcls_scenario_not_baseline_observability,clock_sweep,True,5.876515490149649e-08,1,20287453,100.0
15,False,0.6969171937625634,,25,True,19,False,,,1e-05,False,4.4178699790073415,step2_joint_lm_jcls,,updated_not_converged,0.12517925240876213,,False,,,,,coarse_jcls,Coarse JCLS,20823204473.38186,True,30,0,19,,True,coarse_jcls_full_gauged_v24_theta,19,1,100.0,,v24_three_stage_dynamic,fig6_localization_vs_clock_std_human_review,20823231513.16761,finite_crlb,0,19,True,30,19,25,8,3,19,3453.9559859785986,3453.9418430860196,3453.955986068491,,Rank diagnostics use the full gauged V24 theta and scenario links for the selected epoch count; they are not baseline-specific observability claims.,full_jcls_scenario_not_baseline_observability,clock_sweep,False,1.80602984230402e-06,1,20287453,100.0
,False,,15.251973587588694,5,,19,False,"[19, 19]",0.026129516634568892,1e-05,False,,step3_dynamic_sci_sfi_information_update,19,updated_upstream_not_converged,,19,False,True,updated_not_converged,False,True,refined_jcls,"Refined JCLS, 0.5 s",20823175391.29131,True,150,0,19,,True,refined_jcls_full_gauged_v24_theta,19,1,100.0,,v24_three_stage_dynamic,fig6_localization_vs_clock_std_human_review,20823212082.410458,finite_crlb,0,19,True,150,19,5,8,3,19,4353.2998412590905,4353.287245652359,4353.299841478743,,Rank diagnostics use the full gauged V24 theta and scenario links for the selected epoch count; they are not baseline-specific observability claims.,full_jcls_scenario_not_baseline_observability,clock_sweep,False,2.28812547932481e-06,1,20287453,100.0
,,,,,,,,,,1e-05,False,,step1_coarse_individual_dl_gn,,,,,False,,,,,without_cooperation,Without cooperation,42.051211160206144,True,24,0,9,"[{'user_id': 1, 'measurement_count': 8, 'state_dim': 3, 'rank': 3, 'nullity': 0, 'is_full_rank': True, 'condition_number': 42.051211160206144}, {'user_id': 2, 'measurement_count': 8, 'state_dim': 3, 'rank': 3, 'nullity': 0, 'is_full_rank': True, 'condition_number': 42.03120632377896}, {'user_id': 3, 'measurement_count': 8, 'state_dim': 3, 'rank': 3, 'nullity': 0, 'is_full_rank': True, 'condition_number': 42.007625214559695}]",True,without_cooperation_independent_dl_position_blocks,9,1,100.0,,v24_three_stage_dynamic,fig6_localization_vs_clock_std_human_review,20823231513.16761,finite_crlb,0,19,True,30,19,,8,3,19,111.91342933417339,110.98083969872654,111.92200643147828,,Rank diagnostics use the full gauged V24 theta and scenario links for the selected epoch count; they are not baseline-specific observability claims.,full_jcls_scenario_not_baseline_observability,clock_sweep,True,5.876515490149649e-08,2,20295372,100.0
6,True,0.00013717421124828533,,8,False,19,False,,,1e-05,False,3.461441540220362,step2_joint_lm_jcls,,converged,3.602120190257877e-09,,False,,,,,coarse_jcls,Coarse JCLS,20823204473.38186,True,30,0,19,,True,coarse_jcls_full_gauged_v24_theta,19,1,100.0,,v24_three_stage_dynamic,fig6_localization_vs_clock_std_human_review,20823231513.16761,finite_crlb,0,19,True,30,19,8,8,3,19,3770.153867530285,3770.1263136537423,3770.153867848199,,Rank diagnostics use the full gauged V24 theta and scenario links for the selected epoch count; they are not baseline-specific observability claims.,full_jcls_scenario_not_baseline_observability,clock_sweep,True,1.8567849611195648e-06,2,20295372,100.0
,True,,51.57174186679361,5,,19,False,"[19, 19]",0.016014813506574292,1e-05,False,,step3_dynamic_sci_sfi_information_update,19,updated,,19,False,True,converged,True,True,refined_jcls,"Refined JCLS, 0.5 s",20823175391.29131,True,150,0,19,,True,refined_jcls_full_gauged_v24_theta,19,1,100.0,,v24_three_stage_dynamic,fig6_localization_vs_clock_std_human_review,20823212082.410458,finite_crlb,0,19,True,150,19,5,8,3,19,2716.2566726076784,2716.243708449203,2716.2566726753817,,Rank diagnostics use the full gauged V24 theta and scenario links for the selected epoch count; they are not baseline-specific observability claims.,full_jcls_scenario_not_baseline_observability,clock_sweep,True,1.631447769103978e-06,2,20295372,100.0
,,,,,,,,,,1e-05,False,,step1_coarse_individual_dl_gn,,,,,False,,,,,without_cooperation,Without cooperation,42.051211160206144,True,24,0,9,"[{'user_id': 1, 'measurement_count': 8, 'state_dim': 3, 'rank': 3, 'nullity': 0, 'is_full_rank': True, 'condition_number': 42.051211160206144}, {'user_id': 2, 'measurement_count': 8, 'state_dim': 3, 'rank': 3, 'nullity': 0, 'is_full_rank': True, 'condition_number': 42.03120632377896}, {'user_id': 3, 'measurement_count': 8, 'state_dim': 3, 'rank': 3, 'nullity': 0, 'is_full_rank': True, 'condition_number': 42.007625214559695}]",True,without_cooperation_independent_dl_position_blocks,9,1,100.0,,v24_three_stage_dynamic,fig6_localization_vs_clock_std_human_review,20823231513.16761,finite_crlb,0,19,True,30,19,,8,3,19,111.44091871567734,110.44150075614282,111.45102637202554,,Rank diagnostics use the full gauged V24 theta and scenario links for the selected epoch count; they are not baseline-specific observability claims.,full_jcls_scenario_not_baseline_observability,clock_sweep,True,5.876515490149649e-08,3,20303291,100.0
7,True,4572.473708276178,,17,False,19,False,,,1e-05,False,3.5426165885577263,step2_joint_lm_jcls,,converged,3.4141438421855615e-13,,False,,,,,coarse_jcls,Coarse JCLS,20823204473.38186,True,30,0,19,,True,coarse_jcls_full_gauged_v24_theta,19,1,100.0,,v24_three_stage_dynamic,fig6_localization_vs_clock_std_human_review,20823231513.16761,finite_crlb,0,19,True,30,19,17,8,3,19,5666.147375652766,5666.142389940745,5666.147377545135,,Rank diagnostics use the full gauged V24 theta and scenario links for the selected epoch count; they are not baseline-specific observability claims.,full_jcls_scenario_not_baseline_observability,clock_sweep,True,4.450711235643827e-06,3,20303291,100.0
,True,,14.14288787787522,5,,19,False,"[19, 19]",0.05258579961738947,1e-05,False,,step3_dynamic_sci_sfi_information_update,19,updated,,19,False,True,converged,True,True,refined_jcls,"Refined JCLS, 0.5 s",20823175391.29131,True,150,0,19,,True,refined_jcls_full_gauged_v24_theta,19,1,100.0,,v24_three_stage_dynamic,fig6_localization_vs_clock_std_human_review,20823212082.410458,finite_crlb,0,19,True,150,19,5,8,3,19,5821.897917203295,5821.843880431673,5821.897918234317,,Rank diagnostics use the full gauged V24 theta and scenario links for the selected epoch count; they are not baseline-specific observability claims.,full_jcls_scenario_not_baseline_observability,clock_sweep,True,4.432735536057674e-06,3,20303291,100.0
,,,,,,,,,,1e-05,False,,step1_coarse_individual_dl_gn,,,,,False,,,,,without_cooperation,Without cooperation,42.051211160206144,True,24,0,9,"[{'user_id': 1, 'measurement_count': 8, 'state_dim': 3, 'rank': 3, 'nullity': 0, 'is_full_rank': True, 'condition_number': 42.051211160206144}, {'user_id': 2, 'measurement_count': 8, 'state_dim': 3, 'rank': 3, 'nullity': 0, 'is_full_rank': True, 'condition_number': 42.03120632377896}, {'user_id': 3, 'measurement_count': 8, 'state_dim': 3, 'rank': 3, 'nullity': 0, 'is_full_rank': True, 'condition_number': 42.007625214559695}]",True,without_cooperation_independent_dl_position_blocks,9,1,100.0,,v24_three_stage_dynamic,fig6_localization_vs_clock_std_human_review,20823231513.16761,finite_crlb,0,19,True,30,19,,8,3,19,112.0060871837715,111.29114457009,112.01362349621154,,Rank diagnostics use the full gauged V24 theta and scenario links for the selected epoch count; they are not baseline-specific observability claims.,full_jcls_scenario_not_baseline_observability,clock_sweep,True,5.876515490149649e-08,4,20311210,100.0
6,True,1371742112.4828537,,21,False,19,False,,,1e-05,False,2.9099133436095146,step2_joint_lm_jcls,,converged,4.1530329389876805e-14,,False,,,,,coarse_jcls,Coarse JCLS,20823204473.38186,True,30,0,19,,True,coarse_jcls_full_gauged_v24_theta,19,1,100.0,,v24_three_stage_dynamic,fig6_localization_vs_clock_std_human_review,20823231513.16761,finite_crlb,0,19,True,30,19,21,8,3,19,3230.5934305472906,3230.6156361733265,3230.5934362698863,,Rank diagnostics use the full gauged V24 theta and scenario links for the selected epoch count; they are not baseline-specific observability claims.,full_jcls_scenario_not_baseline_observability,clock_sweep,True,1.2994962182003748e-06,4,20311210,100.0
,True,,7.975584014666935,5,,19,False,"[19, 19]",0.07142252498840677,1e-05,False,,step3_dynamic_sci_sfi_information_update,19,updated,,19,False,True,converged,True,True,refined_jcls,"Refined JCLS, 0.5 s",20823175391.29131,True,150,0,19,,True,refined_jcls_full_gauged_v24_theta,19,1,100.0,,v24_three_stage_dynamic,fig6_localization_vs_clock_std_human_review,20823212082.410458,finite_crlb,0,19,True,150,19,5,8,3,19,2829.789809450121,2829.825863318539,2829.789810044608,,Rank diagnostics use the full gauged V24 theta and scenario links for the selected epoch count; they are not baseline-specific observability claims.,full_jcls_scenario_not_baseline_observability,clock_sweep,True,1.279706224735379e-06,4,20311210,100.0
,,,,,,,,,,1e-05,False,,step1_coarse_individual_dl_gn,,,,,False,,,,,without_cooperation,Without cooperation,42.051211160206144,True,24,0,9,"[{'user_id': 1, 'measurement_count': 8, 'state_dim': 3, 'rank': 3, 'nullity': 0, 'is_full_rank': True, 'condition_number': 42.051211160206144}, {'user_id': 2, 'measurement_count': 8, 'state_dim': 3, 'rank': 3, 'nullity': 0, 'is_full_rank': True, 'condition_number': 42.03120632377896}, {'user_id': 3, 'measurement_count': 8, 'state_dim': 3, 'rank': 3, 'nullity': 0, 'is_full_rank': True, 'condition_number': 42.007625214559695}]",True,without_cooperation_independent_dl_position_blocks,9,1,100.0,,v24_three_stage_dynamic,fig6_localization_vs_clock_std_human_review,20823231513.16761,finite_crlb,0,19,True,30,19,,8,3,19,112.00931423377762,111.31781018792533,112.01380250018346,,Rank diagnostics use the full gauged V24 theta and scenario links for the selected epoch count; they are not baseline-specific observability claims.,full_jcls_scenario_not_baseline_observability,clock_sweep,True,5.876515490149649e-08,5,20319129,100.0
6,True,137174.21124828528,,17,False,19,False,,,1e-05,False,3.6947257292231077,step2_joint_lm_jcls,,converged,6.035967458539049e-13,,False,,,,,coarse_jcls,Coarse JCLS,20823204473.38186,True,30,0,19,,True,coarse_jcls_full_gauged_v24_theta,19,1,100.0,,v24_three_stage_dynamic,fig6_localization_vs_clock_std_human_review,20823231513.16761,finite_crlb,0,19,True,30,19,17,8,3,19,2447.9681737336323,2448.0999634774457,2447.968207347577,,Rank diagnostics use the full gauged V24 theta and scenario links for the selected epoch count; they are not baseline-specific observability claims.,full_jcls_scenario_not_baseline_observability,clock_sweep,True,1.950602785911996e-06,5,20319129,100.0
,True,,7.813820048239441,5,,19,False,"[19, 19]",0.10690915944778409,1e-05,False,,step3_dynamic_sci_sfi_information_update,19,updated,,19,False,True,converged,True,True,refined_jcls,"Refined JCLS, 0.5 s",20823175391.29131,True,150,0,19,,True,refined_jcls_full_gauged_v24_theta,19,1,100.0,,v24_three_stage_dynamic,fig6_localization_vs_clock_std_human_review,20823212082.410458,finite_crlb,0,19,True,150,19,5,8,3,19,2235.6413905332925,2235.7807396568646,2235.64140594958,,Rank diagnostics use the full gauged V24 theta and scenario links for the selected epoch count; they are not baseline-specific observability claims.,full_jcls_scenario_not_baseline_observability,clock_sweep,True,1.5003977164260945e-06,5,20319129,100.0
,,,,,,,,,,1e-05,False,,step1_coarse_individual_dl_gn,,,,,False,,,,,without_cooperation,Without cooperation,42.051211160206144,True,24,0,9,"[{'user_id': 1, 'measurement_count': 8, 'state_dim': 3, 'rank': 3, 'nullity': 0, 'is_full_rank': True, 'condition_number': 42.051211160206144}, {'user_id': 2, 'measurement_count': 8, 'state_dim': 3, 'rank': 3, 'nullity': 0, 'is_full_rank': True, 'condition_number': 42.03120632377896}, {'user_id': 3, 'measurement_count': 8, 'state_dim': 3, 'rank': 3, 'nullity': 0, 'is_full_rank': True, 'condition_number': 42.007625214559695}]",True,without_cooperation_independent_dl_position_blocks,9,1,100.0,,v24_three_stage_dynamic,fig6_localization_vs_clock_std_human_review,20823231513.16761,finite_crlb,0,19,True,30,19,,8,3,19,112.14800355260184,111.42166762188344,112.15979949816237,,Rank diagnostics use the full gauged V24 theta and scenario links for the selected epoch count; they are not baseline-specific observability claims.,full_jcls_scenario_not_baseline_observability,clock_sweep,True,5.876515490149649e-08,6,20327048,100.0
6,True,137174211248.2853,,23,False,19,False,,,1e-05,False,2.7434496678529845,step2_joint_lm_jcls,,converged,2.285937658562596e-16,,False,,,,,coarse_jcls,Coarse JCLS,20823204473.38186,True,30,0,19,,True,coarse_jcls_full_gauged_v24_theta,19,1,100.0,,v24_three_stage_dynamic,fig6_localization_vs_clock_std_human_review,20823231513.16761,finite_crlb,0,19,True,30,19,23,8,3,19,1284.0767200212488,1284.0340207838929,1284.0767317723114,,Rank diagnostics use the full gauged V24 theta and scenario links for the selected epoch count; they are not baseline-specific observability claims.,full_jcls_scenario_not_baseline_observability,clock_sweep,True,6.948262975628227e-07,6,20327048,100.0
,True,,5.767802100782622,5,,19,False,"[19, 19]",0.09994226507061421,1e-05,False,,step3_dynamic_sci_sfi_information_update,19,updated,,19,False,True,converged,True,True,refined_jcls,"Refined JCLS, 0.5 s",20823175391.29131,True,150,0,19,,True,refined_jcls_full_gauged_v24_theta,19,1,100.0,,v24_three_stage_dynamic,fig6_localization_vs_clock_std_human_review,20823212082.410458,finite_crlb,0,19,True,150,19,5,8,3,19,1008.7028006198385,1008.6678381436623,1008.7028052424931,,Rank diagnostics use the full gauged V24 theta and scenario links for the selected epoch count; they are not baseline-specific observability claims.,full_jcls_scenario_not_baseline_observability,clock_sweep,True,5.775352685130683e-07,6,20327048,100.0
,,,,,,,,,,1e-05,False,,step1_coarse_individual_dl_gn,,,,,False,,,,,without_cooperation,Without cooperation,42.051211160206144,True,24,0,9,"[{'user_id': 1, 'measurement_count': 8, 'state_dim': 3, 'rank': 3, 'nullity': 0, 'is_full_rank': True, 'condition_number': 42.051211160206144}, {'user_id': 2, 'measurement_count': 8, 'state_dim': 3, 'rank': 3, 'nullity': 0, 'is_full_rank': True, 'condition_number': 42.03120632377896}, {'user_id': 3, 'measurement_count': 8, 'state_dim': 3, 'rank': 3, 'nullity': 0, 'is_full_rank': True, 'condition_number': 42.007625214559695}]",True,without_cooperation_independent_dl_position_blocks,9,1,100.0,,v24_three_stage_dynamic,fig6_localization_vs_clock_std_human_review,20823231513.16761,finite_crlb,0,19,True,30,19,,8,3,19,111.84565914114614,110.95613624797765,111.8557173806426,,Rank diagnostics use the full gauged V24 theta and scenario links for the selected epoch count; they are not baseline-specific observability claims.,full_jcls_scenario_not_baseline_observability,clock_sweep,True,5.876515490149649e-08,7,20334967,100.0
6,True,0.013717421124828535,,10,False,19,False,,,1e-05,False,1.5389535711481046,step2_joint_lm_jcls,,converged,6.606026740359573e-10,,False,,,,,coarse_jcls,Coarse JCLS,20823204473.38186,True,30,0,19,,True,coarse_jcls_full_gauged_v24_theta,19,1,100.0,,v24_three_stage_dynamic,fig6_localization_vs_clock_std_human_review,20823231513.16761,finite_crlb,0,19,True,30,19,10,8,3,19,1179.9022522549792,1179.9111821668612,1179.902252420168,,Rank diagnostics use the full gauged V24 theta and scenario links for the selected epoch count; they are not baseline-specific observability claims.,full_jcls_scenario_not_baseline_observability,clock_sweep,True,6.5085236177651e-07,7,20334967,100.0
,True,,9.121241991195642,5,,19,False,"[19, 19]",0.05166544870201034,1e-05,False,,step3_dynamic_sci_sfi_information_update,19,updated,,19,False,True,converged,True,True,refined_jcls,"Refined JCLS, 0.5 s",20823175391.29131,True,150,0,19,,True,refined_jcls_full_gauged_v24_theta,19,1,100.0,,v24_three_stage_dynamic,fig6_localization_vs_clock_std_human_review,20823212082.410458,finite_crlb,0,19,True,150,19,5,8,3,19,725.135457349956,725.1038571443478,725.1354598251472,,Rank diagnostics use the full gauged V24 theta and scenario links for the selected epoch count; they are not baseline-specific observability claims.,full_jcls_scenario_not_baseline_observability,clock_sweep,True,4.1783616760023757e-07,7,20334967,100.0
,,,,,,,,,,1e-05,False,,step1_coarse_individual_dl_gn,,,,,False,,,,,without_cooperation,Without cooperation,35.816295341514035,True,24,0,9,"[{'user_id': 1, 'measurement_count': 8, 'state_dim': 3, 'rank': 3, 'nullity': 0, 'is_full_rank': True, 'condition_number': 35.816295341514035}, {'user_id': 2, 'measurement_count': 8, 'state_dim': 3, 'rank': 3, 'nullity': 0, 'is_full_rank': True, 'condition_number': 35.80031359794209}, {'user_id': 3, 'measurement_count': 8, 'state_dim': 3, 'rank': 3, 'nullity': 0, 'is_full_rank': True, 'condition_number': 35.782691965850915}]",True,without_cooperation_independent_dl_position_blocks,9,2,1000.0,,v24_three_stage_dynamic,fig6_localization_vs_clock_std_human_review,406098012506.2961,finite_crlb,0,19,True,30,19,,8,3,19,542.139448266024,458.8639258425391,563.1838404088342,,Rank diagnostics use the full gauged V24 theta and scenario links for the selected epoch count; they are not baseline-specific observability claims.,full_jcls_scenario_not_baseline_observability,clock_sweep,True,7.439341145292235e-07,0,20280543,1000.0
12,True,1.881676423158921e-05,,16,False,19,False,,,1e-05,False,3.240460709471513,step2_joint_lm_jcls,,converged,4.698574215111422e-09,,False,,,,,coarse_jcls,Coarse JCLS,406095023450.14417,True,30,0,19,,True,coarse_jcls_full_gauged_v24_theta,19,2,1000.0,,v24_three_stage_dynamic,fig6_localization_vs_clock_std_human_review,406098012506.2961,finite_crlb,0,19,True,30,19,16,8,3,19,1013.6325100661907,1013.7705343839756,1013.6325293742048,,Rank diagnostics use the full gauged V24 theta and scenario links for the selected epoch count; they are not baseline-specific observability claims.,full_jcls_scenario_not_baseline_observability,clock_sweep,True,1.0628908426410172e-06,0,20280543,1000.0
,True,,8.592637867506866,5,,19,False,"[19, 19]",0.06460380380472247,1e-05,False,,step3_dynamic_sci_sfi_information_update,19,updated,,19,False,True,converged,True,True,refined_jcls,"Refined JCLS, 0.5 s",406092002506.79254,True,150,0,19,,True,refined_jcls_full_gauged_v24_theta,19,2,1000.0,,v24_three_stage_dynamic,fig6_localization_vs_clock_std_human_review,406091942813.16614,finite_crlb,0,19,True,150,19,5,8,3,19,1082.2410001573878,1082.313729818058,1082.2410067570681,,Rank diagnostics use the full gauged V24 theta and scenario links for the selected epoch count; they are not baseline-specific observability claims.,full_jcls_scenario_not_baseline_observability,clock_sweep,True,9.779845815050502e-07,0,20280543,1000.0
,,,,,,,,,,1e-05,False,,step1_coarse_individual_dl_gn,,,,,False,,,,,without_cooperation,Without cooperation,35.816295341514035,True,24,0,9,"[{'user_id': 1, 'measurement_count': 8, 'state_dim': 3, 'rank': 3, 'nullity': 0, 'is_full_rank': True, 'condition_number': 35.816295341514035}, {'user_id': 2, 'measurement_count': 8, 'state_dim': 3, 'rank': 3, 'nullity': 0, 'is_full_rank': True, 'condition_number': 35.80031359794209}, {'user_id': 3, 'measurement_count': 8, 'state_dim': 3, 'rank': 3, 'nullity': 0, 'is_full_rank': True, 'condition_number': 35.782691965850915}]",True,without_cooperation_independent_dl_position_blocks,9,2,1000.0,,v24_three_stage_dynamic,fig6_localization_vs_clock_std_human_review,406098012506.2961,finite_crlb,0,19,True,30,19,,8,3,19,542.1850990077334,459.47438712874896,563.2531122248619,,Rank diagnostics use the full gauged V24 theta and scenario links for the selected epoch count; they are not baseline-specific observability claims.,full_jcls_scenario_not_baseline_observability,clock_sweep,True,7.439341145292235e-07,1,20288462,1000.0
12,True,1.8816764231589207e-05,,16,False,19,False,,,1e-05,False,3.7647006724819057,step2_joint_lm_jcls,,converged,5.498691352900635e-09,,False,,,,,coarse_jcls,Coarse JCLS,406095023450.14417,True,30,0,19,,True,coarse_jcls_full_gauged_v24_theta,19,2,1000.0,,v24_three_stage_dynamic,fig6_localization_vs_clock_std_human_review,406098012506.2961,finite_crlb,0,19,True,30,19,16,8,3,19,2457.706107593116,2457.4957617096184,2457.706131539696,,Rank diagnostics use the full gauged V24 theta and scenario links for the selected epoch count; they are not baseline-specific observability claims.,full_jcls_scenario_not_baseline_observability,clock_sweep,True,1.4030790800214842e-06,1,20288462,1000.0
,True,,7.52225692849067,5,,19,False,"[19, 19]",0.11272335993088552,1e-05,False,,step3_dynamic_sci_sfi_information_update,19,updated,,19,False,True,converged,True,True,refined_jcls,"Refined JCLS, 0.5 s",406092002506.79254,True,150,0,19,,True,refined_jcls_full_gauged_v24_theta,19,2,1000.0,,v24_three_stage_dynamic,fig6_localization_vs_clock_std_human_review,406091942813.16614,finite_crlb,0,19,True,150,19,5,8,3,19,2255.376624821445,2255.349698892342,2255.376626060509,,Rank diagnostics use the full gauged V24 theta and scenario links for the selected epoch count; they are not baseline-specific observability claims.,full_jcls_scenario_not_baseline_observability,clock_sweep,True,1.3074860433386947e-06,1,20288462,1000.0
,,,,,,,,,,1e-05,False,,step1_coarse_individual_dl_gn,,,,,False,,,,,without_cooperation,Without cooperation,35.816295341514035,True,24,0,9,"[{'user_id': 1, 'measurement_count': 8, 'state_dim': 3, 'rank': 3, 'nullity': 0, 'is_full_rank': True, 'condition_number': 35.816295341514035}, {'user_id': 2, 'measurement_count': 8, 'state_dim': 3, 'rank': 3, 'nullity': 0, 'is_full_rank': True, 'condition_number': 35.80031359794209}, {'user_id': 3, 'measurement_count': 8, 'state_dim': 3, 'rank': 3, 'nullity': 0, 'is_full_rank': True, 'condition_number': 35.782691965850915}]",True,without_cooperation_independent_dl_position_blocks,9,2,1000.0,,v24_three_stage_dynamic,fig6_localization_vs_clock_std_human_review,406098012506.2961,finite_crlb,0,19,True,30,19,,8,3,19,542.4402369180588,459.69182268850403,563.4898709688954,,Rank diagnostics use the full gauged V24 theta and scenario links for the selected epoch count; they are not baseline-specific observability claims.,full_jcls_scenario_not_baseline_observability,clock_sweep,True,7.439341145292235e-07,2,20296381,1000.0
10,False,16935087.808430288,,25,True,19,False,,,1e-05,False,4.6121820824216,step2_joint_lm_jcls,,updated_not_converged,2.2963270664414643e-06,,False,,,,,coarse_jcls,Coarse JCLS,406095023450.14417,True,30,0,19,,True,coarse_jcls_full_gauged_v24_theta,19,2,1000.0,,v24_three_stage_dynamic,fig6_localization_vs_clock_std_human_review,406098012506.2961,finite_crlb,0,19,True,30,19,25,8,3,19,3761.154475828276,3761.0117810404936,3761.154485250799,,Rank diagnostics use the full gauged V24 theta and scenario links for the selected epoch count; they are not baseline-specific observability claims.,full_jcls_scenario_not_baseline_observability,clock_sweep,False,2.984343018127845e-06,2,20296381,1000.0
,False,,80.27410741848314,5,,19,False,"[19, 19]",0.013304205749411107,1e-05,False,,step3_dynamic_sci_sfi_information_update,19,updated_upstream_not_converged,,19,False,True,updated_not_converged,False,True,refined_jcls,"Refined JCLS, 0.5 s",406092002506.79254,True,150,0,19,,True,refined_jcls_full_gauged_v24_theta,19,2,1000.0,,v24_three_stage_dynamic,fig6_localization_vs_clock_std_human_review,406091942813.16614,finite_crlb,0,19,True,150,19,5,8,3,19,1513.6555965457217,1513.6557756034717,1513.6555965755215,,Rank diagnostics use the full gauged V24 theta and scenario links for the selected epoch count; they are not baseline-specific observability claims.,full_jcls_scenario_not_baseline_observability,clock_sweep,False,1.3089686363024448e-06,2,20296381,1000.0
,,,,,,,,,,1e-05,False,,step1_coarse_individual_dl_gn,,,,,False,,,,,without_cooperation,Without cooperation,35.816295341514035,True,24,0,9,"[{'user_id': 1, 'measurement_count': 8, 'state_dim': 3, 'rank': 3, 'nullity': 0, 'is_full_rank': True, 'condition_number': 35.816295341514035}, {'user_id': 2, 'measurement_count': 8, 'state_dim': 3, 'rank': 3, 'nullity': 0, 'is_full_rank': True, 'condition_number': 35.80031359794209}, {'user_id': 3, 'measurement_count': 8, 'state_dim': 3, 'rank': 3, 'nullity': 0, 'is_full_rank': True, 'condition_number': 35.782691965850915}]",True,without_cooperation_independent_dl_position_blocks,9,2,1000.0,,v24_three_stage_dynamic,fig6_localization_vs_clock_std_human_review,406098012506.2961,finite_crlb,0,19,True,30,19,,8,3,19,542.3517799163419,459.35613311493785,563.4042003031857,,Rank diagnostics use the full gauged V24 theta and scenario links for the selected epoch count; they are not baseline-specific observability claims.,full_jcls_scenario_not_baseline_observability,clock_sweep,True,7.439341145292235e-07,3,20304300,1000.0
11,True,0.005645029269476763,,17,False,19,False,,,1e-05,False,2.8288756934525665,step2_joint_lm_jcls,,converged,5.137342609892378e-09,,False,,,,,coarse_jcls,Coarse JCLS,406095023450.14417,True,30,0,19,,True,coarse_jcls_full_gauged_v24_theta,19,2,1000.0,,v24_three_stage_dynamic,fig6_localization_vs_clock_std_human_review,406098012506.2961,finite_crlb,0,19,True,30,19,17,8,3,19,7642.555532759553,7642.5620328772375,7642.555533442247,,Rank diagnostics use the full gauged V24 theta and scenario links for the selected epoch count; they are not baseline-specific observability claims.,full_jcls_scenario_not_baseline_observability,clock_sweep,True,4.067330110145405e-06,3,20304300,1000.0
,True,,2175.6404381757616,5,,19,False,"[19, 19]",0.0008909769361832952,1e-05,False,,step3_dynamic_sci_sfi_information_update,19,updated,,19,False,True,converged,True,True,refined_jcls,"Refined JCLS, 0.5 s",406092002506.79254,True,150,0,19,,True,refined_jcls_full_gauged_v24_theta,19,2,1000.0,,v24_three_stage_dynamic,fig6_localization_vs_clock_std_human_review,406091942813.16614,finite_crlb,0,19,True,150,19,5,8,3,19,5169.424622472991,5169.164930392417,5169.424646751134,,Rank diagnostics use the full gauged V24 theta and scenario links for the selected epoch count; they are not baseline-specific observability claims.,full_jcls_scenario_not_baseline_observability,clock_sweep,True,2.573638470543807e-06,3,20304300,1000.0
,,,,,,,,,,1e-05,False,,step1_coarse_individual_dl_gn,,,,,False,,,,,without_cooperation,Without cooperation,35.816295341514035,True,24,0,9,"[{'user_id': 1, 'measurement_count': 8, 'state_dim': 3, 'rank': 3, 'nullity': 0, 'is_full_rank': True, 'condition_number': 35.816295341514035}, {'user_id': 2, 'measurement_count': 8, 'state_dim': 3, 'rank': 3, 'nullity': 0, 'is_full_rank': True, 'condition_number': 35.80031359794209}, {'user_id': 3, 'measurement_count': 8, 'state_dim': 3, 'rank': 3, 'nullity': 0, 'is_full_rank': True, 'condition_number': 35.782691965850915}]",True,without_cooperation_independent_dl_position_blocks,9,2,1000.0,,v24_three_stage_dynamic,fig6_localization_vs_clock_std_human_review,406098012506.2961,finite_crlb,0,19,True,30,19,,8,3,19,542.2171319968983,459.62564780547524,563.3317372132216,,Rank diagnostics use the full gauged V24 theta and scenario links for the selected epoch count; they are not baseline-specific observability claims.,full_jcls_scenario_not_baseline_observability,clock_sweep,True,7.439341145292235e-07,4,20312219,1000.0
11,False,564502.9269476762,,25,True,19,False,,,1e-05,False,3.9723860448364805,step2_joint_lm_jcls,,updated_not_converged,1.640357701156821e-08,,False,,,,,coarse_jcls,Coarse JCLS,406095023450.14417,True,30,0,19,,True,coarse_jcls_full_gauged_v24_theta,19,2,1000.0,,v24_three_stage_dynamic,fig6_localization_vs_clock_std_human_review,406098012506.2961,finite_crlb,0,19,True,30,19,25,8,3,19,1892.8910137369876,1893.04323631,1892.8910573241983,,Rank diagnostics use the full gauged V24 theta and scenario links for the selected epoch count; they are not baseline-specific observability claims.,full_jcls_scenario_not_baseline_observability,clock_sweep,False,1.5665517630649486e-06,4,20312219,1000.0
,False,,18.851954755001334,5,,19,False,"[19, 19]",0.028957107806888,1e-05,False,,step3_dynamic_sci_sfi_information_update,19,updated_upstream_not_converged,,19,False,True,updated_not_converged,False,True,refined_jcls,"Refined JCLS, 0.5 s",406092002506.79254,True,150,0,19,,True,refined_jcls_full_gauged_v24_theta,19,2,1000.0,,v24_three_stage_dynamic,fig6_localization_vs_clock_std_human_review,406091942813.16614,finite_crlb,0,19,True,150,19,5,8,3,19,1525.947826441862,1526.0163227350167,1525.9478394980679,,Rank diagnostics use the full gauged V24 theta and scenario links for the selected epoch count; they are not baseline-specific observability claims.,full_jcls_scenario_not_baseline_observability,clock_sweep,False,1.324765945363007e-06,4,20312219,1000.0
,,,,,,,,,,1e-05,False,,step1_coarse_individual_dl_gn,,,,,False,,,,,without_cooperation,Without cooperation,35.816295341514035,True,24,0,9,"[{'user_id': 1, 'measurement_count': 8, 'state_dim': 3, 'rank': 3, 'nullity': 0, 'is_full_rank': True, 'condition_number': 35.816295341514035}, {'user_id': 2, 'measurement_count': 8, 'state_dim': 3, 'rank': 3, 'nullity': 0, 'is_full_rank': True, 'condition_number': 35.80031359794209}, {'user_id': 3, 'measurement_count': 8, 'state_dim': 3, 'rank': 3, 'nullity': 0, 'is_full_rank': True, 'condition_number': 35.782691965850915}]",True,without_cooperation_independent_dl_position_blocks,9,2,1000.0,,v24_three_stage_dynamic,fig6_localization_vs_clock_std_human_review,406098012506.2961,finite_crlb,0,19,True,30,19,,8,3,19,542.5198562222421,460.02898660112936,563.495309619629,,Rank diagnostics use the full gauged V24 theta and scenario links for the selected epoch count; they are not baseline-specific observability claims.,full_jcls_scenario_not_baseline_observability,clock_sweep,True,7.439341145292235e-07,5,20320138,1000.0
10,True,16935.087808430286,,22,False,19,False,,,1e-05,False,2.8464314531111867,step2_joint_lm_jcls,,converged,1.4024621973602498e-10,,False,,,,,coarse_jcls,Coarse JCLS,406095023450.14417,True,30,0,19,,True,coarse_jcls_full_gauged_v24_theta,19,2,1000.0,,v24_three_stage_dynamic,fig6_localization_vs_clock_std_human_review,406098012506.2961,finite_crlb,0,19,True,30,19,22,8,3,19,4753.742117220575,4753.860770249831,4753.742120384981,,Rank diagnostics use the full gauged V24 theta and scenario links for the selected epoch count; they are not baseline-specific observability claims.,full_jcls_scenario_not_baseline_observability,clock_sweep,True,2.352784930254907e-06,5,20320138,1000.0
,True,,229.69440589648792,5,,19,False,"[19, 19]",0.008419929903673433,1e-05,False,,step3_dynamic_sci_sfi_information_update,19,updated,,19,False,True,converged,True,True,refined_jcls,"Refined JCLS, 0.5 s",406092002506.79254,True,150,0,19,,True,refined_jcls_full_gauged_v24_theta,19,2,1000.0,,v24_three_stage_dynamic,fig6_localization_vs_clock_std_human_review,406091942813.16614,finite_crlb,0,19,True,150,19,5,8,3,19,3072.097735417959,3072.0945750770184,3072.097738449313,,Rank diagnostics use the full gauged V24 theta and scenario links for the selected epoch count; they are not baseline-specific observability claims.,full_jcls_scenario_not_baseline_observability,clock_sweep,True,1.532085019350485e-06,5,20320138,1000.0
,,,,,,,,,,1e-05,False,,step1_coarse_individual_dl_gn,,,,,False,,,,,without_cooperation,Without cooperation,35.816295341514035,True,24,0,9,"[{'user_id': 1, 'measurement_count': 8, 'state_dim': 3, 'rank': 3, 'nullity': 0, 'is_full_rank': True, 'condition_number': 35.816295341514035}, {'user_id': 2, 'measurement_count': 8, 'state_dim': 3, 'rank': 3, 'nullity': 0, 'is_full_rank': True, 'condition_number': 35.80031359794209}, {'user_id': 3, 'measurement_count': 8, 'state_dim': 3, 'rank': 3, 'nullity': 0, 'is_full_rank': True, 'condition_number': 35.782691965850915}]",True,without_cooperation_independent_dl_position_blocks,9,2,1000.0,,v24_three_stage_dynamic,fig6_localization_vs_clock_std_human_review,406098012506.2961,finite_crlb,0,19,True,30,19,,8,3,19,542.3045680026327,459.4620517290905,563.3555037372647,,Rank diagnostics use the full gauged V24 theta and scenario links for the selected epoch count; they are not baseline-specific observability claims.,full_jcls_scenario_not_baseline_observability,clock_sweep,True,7.439341145292235e-07,6,20328057,1000.0
12,True,1881.6764231589214,,24,False,19,False,,,1e-05,False,2.8654326761402884,step2_joint_lm_jcls,,converged,6.038777387647325e-13,,False,,,,,coarse_jcls,Coarse JCLS,406095023450.14417,True,30,0,19,,True,coarse_jcls_full_gauged_v24_theta,19,2,1000.0,,v24_three_stage_dynamic,fig6_localization_vs_clock_std_human_review,406098012506.2961,finite_crlb,0,19,True,30,19,24,8,3,19,5884.521473655025,5884.47918130832,5884.521474588661,,Rank diagnostics use the full gauged V24 theta and scenario links for the selected epoch count; they are not baseline-specific observability claims.,full_jcls_scenario_not_baseline_observability,clock_sweep,True,2.802088042318553e-06,6,20328057,1000.0
,True,,303.4568652349363,5,,19,False,"[19, 19]",0.007332852297021573,1e-05,False,,step3_dynamic_sci_sfi_information_update,19,updated,,19,False,True,converged,True,True,refined_jcls,"Refined JCLS, 0.5 s",406092002506.79254,True,150,0,19,,True,refined_jcls_full_gauged_v24_theta,19,2,1000.0,,v24_three_stage_dynamic,fig6_localization_vs_clock_std_human_review,406091942813.16614,finite_crlb,0,19,True,150,19,5,8,3,19,6761.212977317581,6761.110147751712,6761.21298242241,,Rank diagnostics use the full gauged V24 theta and scenario links for the selected epoch count; they are not baseline-specific observability claims.,full_jcls_scenario_not_baseline_observability,clock_sweep,True,3.1664026060232314e-06,6,20328057,1000.0
,,,,,,,,,,1e-05,False,,step1_coarse_individual_dl_gn,,,,,False,,,,,without_cooperation,Without cooperation,35.816295341514035,True,24,0,9,"[{'user_id': 1, 'measurement_count': 8, 'state_dim': 3, 'rank': 3, 'nullity': 0, 'is_full_rank': True, 'condition_number': 35.816295341514035}, {'user_id': 2, 'measurement_count': 8, 'state_dim': 3, 'rank': 3, 'nullity': 0, 'is_full_rank': True, 'condition_number': 35.80031359794209}, {'user_id': 3, 'measurement_count': 8, 'state_dim': 3, 'rank': 3, 'nullity': 0, 'is_full_rank': True, 'condition_number': 35.782691965850915}]",True,without_cooperation_independent_dl_position_blocks,9,2,1000.0,,v24_three_stage_dynamic,fig6_localization_vs_clock_std_human_review,406098012506.2961,finite_crlb,0,19,True,30,19,,8,3,19,542.4413760650945,459.80218625699973,563.5177822500671,,Rank diagnostics use the full gauged V24 theta and scenario links for the selected epoch count; they are not baseline-specific observability claims.,full_jcls_scenario_not_baseline_observability,clock_sweep,True,7.439341145292235e-07,7,20335976,1000.0
12,True,0.00018816764231589211,,17,False,19,False,,,1e-05,False,2.482256389386901,step2_joint_lm_jcls,,converged,2.4253027817905568e-09,,False,,,,,coarse_jcls,Coarse JCLS,406095023450.14417,True,30,0,19,,True,coarse_jcls_full_gauged_v24_theta,19,2,1000.0,,v24_three_stage_dynamic,fig6_localization_vs_clock_std_human_review,406098012506.2961,finite_crlb,0,19,True,30,19,17,8,3,19,3041.580690592951,3041.7698357990976,3041.580709141004,,Rank diagnostics use the full gauged V24 theta and scenario links for the selected epoch count; they are not baseline-specific observability claims.,full_jcls_scenario_not_baseline_observability,clock_sweep,True,2.4675216809101174e-06,7,20335976,1000.0
,True,,15.713065527861149,5,,19,False,"[19, 19]",0.03560801470542865,1e-05,False,,step3_dynamic_sci_sfi_information_update,19,updated,,19,False,True,converged,True,True,refined_jcls,"Refined JCLS, 0.5 s",406092002506.79254,True,150,0,19,,True,refined_jcls_full_gauged_v24_theta,19,2,1000.0,,v24_three_stage_dynamic,fig6_localization_vs_clock_std_human_review,406091942813.16614,finite_crlb,0,19,True,150,19,5,8,3,19,2574.302709391703,2574.4044779516025,2574.3027136440896,,Rank diagnostics use the full gauged V24 theta and scenario links for the selected epoch count; they are not baseline-specific observability claims.,full_jcls_scenario_not_baseline_observability,clock_sweep,True,2.107977283361601e-06,7,20335976,1000.0
,,,,,,,,,,1e-05,False,,step1_coarse_individual_dl_gn,,,,,False,,,,,without_cooperation,Without cooperation,58.324027861554555,True,24,0,9,"[{'user_id': 1, 'measurement_count': 8, 'state_dim': 3, 'rank': 3, 'nullity': 0, 'is_full_rank': True, 'condition_number': 58.324027861554555}, {'user_id': 2, 'measurement_count': 8, 'state_dim': 3, 'rank': 3, 'nullity': 0, 'is_full_rank': True, 'condition_number': 58.28742096590536}, {'user_id': 3, 'measurement_count': 8, 'state_dim': 3, 'rank': 3, 'nullity': 0, 'is_full_rank': True, 'condition_number': 58.261017836416165}]",True,without_cooperation_independent_dl_position_blocks,9,3,10000.0,,v24_three_stage_dynamic,fig6_localization_vs_clock_std_human_review,202832486823.30844,finite_crlb,0,19,True,30,19,,8,3,19,3750.2456031403212,2957.9707769895654,4005.838805038283,,Rank diagnostics use the full gauged V24 theta and scenario links for the selected epoch count; they are not baseline-specific observability claims.,full_jcls_scenario_not_baseline_observability,clock_sweep,True,6.545715839275454e-06,0,20281552,10000.0
15,False,0.6969171937625634,,25,True,19,False,,,1e-05,False,5.941380092600466,step2_joint_lm_jcls,,updated_not_converged,0.1723586255928326,,False,,,,,coarse_jcls,Coarse JCLS,202833087286.90137,True,30,0,19,,True,coarse_jcls_full_gauged_v24_theta,19,3,10000.0,,v24_three_stage_dynamic,fig6_localization_vs_clock_std_human_review,202832486823.30844,finite_crlb,0,19,True,30,19,25,8,3,19,31392.81600614714,31392.584382124343,31392.816017980713,,Rank diagnostics use the full gauged V24 theta and scenario links for the selected epoch count; they are not baseline-specific observability claims.,full_jcls_scenario_not_baseline_observability,clock_sweep,False,2.36571184576815e-05,0,20281552,10000.0
,False,,9997.238115789018,5,,19,False,"[19, 19]",6.557303892408972e-05,1e-05,False,,step3_dynamic_sci_sfi_information_update,19,updated_upstream_not_converged,,19,False,True,updated_not_converged,False,True,refined_jcls,"Refined JCLS, 0.5 s",202832412105.06186,True,150,0,19,,True,refined_jcls_full_gauged_v24_theta,19,3,10000.0,,v24_three_stage_dynamic,fig6_localization_vs_clock_std_human_review,202832193546.1047,finite_crlb,0,19,True,150,19,5,8,3,19,31091.452224652287,31091.33384614842,31091.452227889054,,Rank diagnostics use the full gauged V24 theta and scenario links for the selected epoch count; they are not baseline-specific observability claims.,full_jcls_scenario_not_baseline_observability,clock_sweep,False,1.6163045693107898e-05,0,20281552,10000.0
,,,,,,,,,,1e-05,False,,step1_coarse_individual_dl_gn,,,,,False,,,,,without_cooperation,Without cooperation,58.324027861554555,True,24,0,9,"[{'user_id': 1, 'measurement_count': 8, 'state_dim': 3, 'rank': 3, 'nullity': 0, 'is_full_rank': True, 'condition_number': 58.324027861554555}, {'user_id': 2, 'measurement_count': 8, 'state_dim': 3, 'rank': 3, 'nullity': 0, 'is_full_rank': True, 'condition_number': 58.28742096590536}, {'user_id': 3, 'measurement_count': 8, 'state_dim': 3, 'rank': 3, 'nullity': 0, 'is_full_rank': True, 'condition_number': 58.261017836416165}]",True,without_cooperation_independent_dl_position_blocks,9,3,10000.0,,v24_three_stage_dynamic,fig6_localization_vs_clock_std_human_review,202832486823.30844,finite_crlb,0,19,True,30,19,,8,3,19,3750.393950956531,2957.76638522175,4005.9861218175374,,Rank diagnostics use the full gauged V24 theta and scenario links for the selected epoch count; they are not baseline-specific observability claims.,full_jcls_scenario_not_baseline_observability,clock_sweep,True,6.545715839275454e-06,1,20289471,10000.0
15,False,0.6969171937625634,,25,True,19,False,,,1e-05,False,6.5034137579038696,step2_joint_lm_jcls,,updated_not_converged,0.17988350191783972,,False,,,,,coarse_jcls,Coarse JCLS,202833087286.90137,True,30,0,19,,True,coarse_jcls_full_gauged_v24_theta,19,3,10000.0,,v24_three_stage_dynamic,fig6_localization_vs_clock_std_human_review,202832486823.30844,finite_crlb,0,19,True,30,19,25,8,3,19,31159.245528739255,31158.98181105615,31159.245536336013,,Rank diagnostics use the full gauged V24 theta and scenario links for the selected epoch count; they are not baseline-specific observability claims.,full_jcls_scenario_not_baseline_observability,clock_sweep,False,2.319285584457617e-05,1,20289471,10000.0
,False,,2465.3869224169416,5,,19,False,"[19, 19]",0.000524278068797516,1e-05,False,,step3_dynamic_sci_sfi_information_update,19,updated_upstream_not_converged,,19,False,True,updated_not_converged,False,True,refined_jcls,"Refined JCLS, 0.5 s",202832412105.06186,True,150,0,19,,True,refined_jcls_full_gauged_v24_theta,19,3,10000.0,,v24_three_stage_dynamic,fig6_localization_vs_clock_std_human_review,202832193546.1047,finite_crlb,0,19,True,150,19,5,8,3,19,23355.0002264262,23354.852079945977,23355.000229523233,,Rank diagnostics use the full gauged V24 theta and scenario links for the selected epoch count; they are not baseline-specific observability claims.,full_jcls_scenario_not_baseline_observability,clock_sweep,False,1.618892230846441e-05,1,20289471,10000.0
,,,,,,,,,,1e-05,False,,step1_coarse_individual_dl_gn,,,,,False,,,,,without_cooperation,Without cooperation,58.324027861554555,True,24,0,9,"[{'user_id': 1, 'measurement_count': 8, 'state_dim': 3, 'rank': 3, 'nullity': 0, 'is_full_rank': True, 'condition_number': 58.324027861554555}, {'user_id': 2, 'measurement_count': 8, 'state_dim': 3, 'rank': 3, 'nullity': 0, 'is_full_rank': True, 'condition_number': 58.28742096590536}, {'user_id': 3, 'measurement_count': 8, 'state_dim': 3, 'rank': 3, 'nullity': 0, 'is_full_rank': True, 'condition_number': 58.261017836416165}]",True,without_cooperation_independent_dl_position_blocks,9,3,10000.0,,v24_three_stage_dynamic,fig6_localization_vs_clock_std_human_review,202832486823.30844,finite_crlb,0,19,True,30,19,,8,3,19,3750.2313564611886,2958.34381131268,4005.7803807975106,,Rank diagnostics use the full gauged V24 theta and scenario links for the selected epoch count; they are not baseline-specific observability claims.,full_jcls_scenario_not_baseline_observability,clock_sweep,True,6.545715839275454e-06,2,20297390,10000.0
15,False,0.6969171937625634,,25,True,19,False,,,1e-05,False,6.043622076570226,step2_joint_lm_jcls,,updated_not_converged,0.20705256891236534,,False,,,,,coarse_jcls,Coarse JCLS,202833087286.90137,True,30,0,19,,True,coarse_jcls_full_gauged_v24_theta,19,3,10000.0,,v24_three_stage_dynamic,fig6_localization_vs_clock_std_human_review,202832486823.30844,finite_crlb,0,19,True,30,19,25,8,3,19,30904.815984566594,30904.80706695638,30904.81602346609,,Rank diagnostics use the full gauged V24 theta and scenario links for the selected epoch count; they are not baseline-specific observability claims.,full_jcls_scenario_not_baseline_observability,clock_sweep,False,2.477172714430725e-05,2,20297390,10000.0
,False,,1508.4129063577468,5,,19,False,"[19, 19]",0.0003840661261682757,1e-05,False,,step3_dynamic_sci_sfi_information_update,19,updated_upstream_not_converged,,19,False,True,updated_not_converged,False,True,refined_jcls,"Refined JCLS, 0.5 s",202832412105.06186,True,150,0,19,,True,refined_jcls_full_gauged_v24_theta,19,3,10000.0,,v24_three_stage_dynamic,fig6_localization_vs_clock_std_human_review,202832193546.1047,finite_crlb,0,19,True,150,19,5,8,3,19,23100.810307910073,23100.685355420643,23100.810330733733,,Rank diagnostics use the full gauged V24 theta and scenario links for the selected epoch count; they are not baseline-specific observability claims.,full_jcls_scenario_not_baseline_observability,clock_sweep,False,1.9311468960874462e-05,2,20297390,10000.0
,,,,,,,,,,1e-05,False,,step1_coarse_individual_dl_gn,,,,,False,,,,,without_cooperation,Without cooperation,58.324027861554555,True,24,0,9,"[{'user_id': 1, 'measurement_count': 8, 'state_dim': 3, 'rank': 3, 'nullity': 0, 'is_full_rank': True, 'condition_number': 58.324027861554555}, {'user_id': 2, 'measurement_count': 8, 'state_dim': 3, 'rank': 3, 'nullity': 0, 'is_full_rank': True, 'condition_number': 58.28742096590536}, {'user_id': 3, 'measurement_count': 8, 'state_dim': 3, 'rank': 3, 'nullity': 0, 'is_full_rank': True, 'condition_number': 58.261017836416165}]",True,without_cooperation_independent_dl_position_blocks,9,3,10000.0,,v24_three_stage_dynamic,fig6_localization_vs_clock_std_human_review,202832486823.30844,finite_crlb,0,19,True,30,19,,8,3,19,3750.2999373672137,2957.694552749167,4005.922681192166,,Rank diagnostics use the full gauged V24 theta and scenario links for the selected epoch count; they are not baseline-specific observability claims.,full_jcls_scenario_not_baseline_observability,clock_sweep,True,6.545715839275454e-06,3,20305309,10000.0
15,False,0.6969171937625634,,25,True,19,False,,,1e-05,False,4.530113636963274,step2_joint_lm_jcls,,updated_not_converged,0.09648411843077977,,False,,,,,coarse_jcls,Coarse JCLS,202833087286.90137,True,30,0,19,,True,coarse_jcls_full_gauged_v24_theta,19,3,10000.0,,v24_three_stage_dynamic,fig6_localization_vs_clock_std_human_review,202832486823.30844,finite_crlb,0,19,True,30,19,25,8,3,19,29100.663601483433,29100.568761948663,29100.663616102447,,Rank diagnostics use the full gauged V24 theta and scenario links for the selected epoch count; they are not baseline-specific observability claims.,full_jcls_scenario_not_baseline_observability,clock_sweep,False,2.2195554117597063e-05,3,20305309,10000.0
,False,,4474.258058479351,5,,19,False,"[19, 19]",0.00014940505627321265,1e-05,False,,step3_dynamic_sci_sfi_information_update,19,updated_upstream_not_converged,,19,False,True,updated_not_converged,False,True,refined_jcls,"Refined JCLS, 0.5 s",202832412105.06186,True,150,0,19,,True,refined_jcls_full_gauged_v24_theta,19,3,10000.0,,v24_three_stage_dynamic,fig6_localization_vs_clock_std_human_review,202832193546.1047,finite_crlb,0,19,True,150,19,5,8,3,19,27427.41235448084,27427.093569140292,27427.412363173793,,Rank diagnostics use the full gauged V24 theta and scenario links for the selected epoch count; they are not baseline-specific observability claims.,full_jcls_scenario_not_baseline_observability,clock_sweep,False,2.2885800284649102e-05,3,20305309,10000.0
,,,,,,,,,,1e-05,False,,step1_coarse_individual_dl_gn,,,,,False,,,,,without_cooperation,Without cooperation,58.324027861554555,True,24,0,9,"[{'user_id': 1, 'measurement_count': 8, 'state_dim': 3, 'rank': 3, 'nullity': 0, 'is_full_rank': True, 'condition_number': 58.324027861554555}, {'user_id': 2, 'measurement_count': 8, 'state_dim': 3, 'rank': 3, 'nullity': 0, 'is_full_rank': True, 'condition_number': 58.28742096590536}, {'user_id': 3, 'measurement_count': 8, 'state_dim': 3, 'rank': 3, 'nullity': 0, 'is_full_rank': True, 'condition_number': 58.261017836416165}]",True,without_cooperation_independent_dl_position_blocks,9,3,10000.0,,v24_three_stage_dynamic,fig6_localization_vs_clock_std_human_review,202832486823.30844,finite_crlb,0,19,True,30,19,,8,3,19,3750.5548796143225,2958.5479667309232,4006.022613388438,,Rank diagnostics use the full gauged V24 theta and scenario links for the selected epoch count; they are not baseline-specific observability claims.,full_jcls_scenario_not_baseline_observability,clock_sweep,True,6.545715839275454e-06,4,20313228,10000.0
15,False,0.6969171937625634,,25,True,19,False,,,1e-05,False,6.328130877034092,step2_joint_lm_jcls,,updated_not_converged,0.18051377625485235,,False,,,,,coarse_jcls,Coarse JCLS,202833087286.90137,True,30,0,19,,True,coarse_jcls_full_gauged_v24_theta,19,3,10000.0,,v24_three_stage_dynamic,fig6_localization_vs_clock_std_human_review,202832486823.30844,finite_crlb,0,19,True,30,19,25,8,3,19,31172.04651891648,31172.10150555345,31172.046559205,,Rank diagnostics use the full gauged V24 theta and scenario links for the selected epoch count; they are not baseline-specific observability claims.,full_jcls_scenario_not_baseline_observability,clock_sweep,False,2.4012273238564082e-05,4,20313228,10000.0
,False,,5794.55783102927,5,,19,False,"[19, 19]",0.00010457434908879428,1e-05,False,,step3_dynamic_sci_sfi_information_update,19,updated_upstream_not_converged,,19,False,True,updated_not_converged,False,True,refined_jcls,"Refined JCLS, 0.5 s",202832412105.06186,True,150,0,19,,True,refined_jcls_full_gauged_v24_theta,19,3,10000.0,,v24_three_stage_dynamic,fig6_localization_vs_clock_std_human_review,202832193546.1047,finite_crlb,0,19,True,150,19,5,8,3,19,27862.059743844,27862.220567322234,27862.05975856813,,Rank diagnostics use the full gauged V24 theta and scenario links for the selected epoch count; they are not baseline-specific observability claims.,full_jcls_scenario_not_baseline_observability,clock_sweep,False,1.626093565235455e-05,4,20313228,10000.0
,,,,,,,,,,1e-05,False,,step1_coarse_individual_dl_gn,,,,,False,,,,,without_cooperation,Without cooperation,58.324027861554555,True,24,0,9,"[{'user_id': 1, 'measurement_count': 8, 'state_dim': 3, 'rank': 3, 'nullity': 0, 'is_full_rank': True, 'condition_number': 58.324027861554555}, {'user_id': 2, 'measurement_count': 8, 'state_dim': 3, 'rank': 3, 'nullity': 0, 'is_full_rank': True, 'condition_number': 58.28742096590536}, {'user_id': 3, 'measurement_count': 8, 'state_dim': 3, 'rank': 3, 'nullity': 0, 'is_full_rank': True, 'condition_number': 58.261017836416165}]",True,without_cooperation_independent_dl_position_blocks,9,3,10000.0,,v24_three_stage_dynamic,fig6_localization_vs_clock_std_human_review,202832486823.30844,finite_crlb,0,19,True,30,19,,8,3,19,3750.398971076195,2957.800971582388,4006.065140966009,,Rank diagnostics use the full gauged V24 theta and scenario links for the selected epoch count; they are not baseline-specific observability claims.,full_jcls_scenario_not_baseline_observability,clock_sweep,True,6.545715839275454e-06,5,20321147,10000.0
15,False,0.6969171937625634,,25,True,19,False,,,1e-05,False,5.846069849408749,step2_joint_lm_jcls,,updated_not_converged,0.18350311544259212,,False,,,,,coarse_jcls,Coarse JCLS,202833087286.90137,True,30,0,19,,True,coarse_jcls_full_gauged_v24_theta,19,3,10000.0,,v24_three_stage_dynamic,fig6_localization_vs_clock_std_human_review,202832486823.30844,finite_crlb,0,19,True,30,19,25,8,3,19,30926.35724806601,30926.153030093432,30926.357256624426,,Rank diagnostics use the full gauged V24 theta and scenario links for the selected epoch count; they are not baseline-specific observability claims.,full_jcls_scenario_not_baseline_observability,clock_sweep,False,2.28760388672614e-05,5,20321147,10000.0
,False,,1829.2154466887416,5,,19,False,"[19, 19]",0.0003090662589270853,1e-05,False,,step3_dynamic_sci_sfi_information_update,19,updated_upstream_not_converged,,19,False,True,updated_not_converged,False,True,refined_jcls,"Refined JCLS, 0.5 s",202832412105.06186,True,150,0,19,,True,refined_jcls_full_gauged_v24_theta,19,3,10000.0,,v24_three_stage_dynamic,fig6_localization_vs_clock_std_human_review,202832193546.1047,finite_crlb,0,19,True,150,19,5,8,3,19,22840.760403998516,22840.544081800974,22840.760406333233,,Rank diagnostics use the full gauged V24 theta and scenario links for the selected epoch count; they are not baseline-specific observability claims.,full_jcls_scenario_not_baseline_observability,clock_sweep,False,1.774219394042518e-05,5,20321147,10000.0
,,,,,,,,,,1e-05,False,,step1_coarse_individual_dl_gn,,,,,False,,,,,without_cooperation,Without cooperation,58.324027861554555,True,24,0,9,"[{'user_id': 1, 'measurement_count': 8, 'state_dim': 3, 'rank': 3, 'nullity': 0, 'is_full_rank': True, 'condition_number': 58.324027861554555}, {'user_id': 2, 'measurement_count': 8, 'state_dim': 3, 'rank': 3, 'nullity': 0, 'is_full_rank': True, 'condition_number': 58.28742096590536}, {'user_id': 3, 'measurement_count': 8, 'state_dim': 3, 'rank': 3, 'nullity': 0, 'is_full_rank': True, 'condition_number': 58.261017836416165}]",True,without_cooperation_independent_dl_position_blocks,9,3,10000.0,,v24_three_stage_dynamic,fig6_localization_vs_clock_std_human_review,202832486823.30844,finite_crlb,0,19,True,30,19,,8,3,19,3750.4854168064917,2957.779887370753,4006.0497411644897,,Rank diagnostics use the full gauged V24 theta and scenario links for the selected epoch count; they are not baseline-specific observability claims.,full_jcls_scenario_not_baseline_observability,clock_sweep,True,6.545715839275454e-06,6,20329066,10000.0
15,False,0.6969171937625634,,25,True,19,False,,,1e-05,False,5.6419606341816575,step2_joint_lm_jcls,,updated_not_converged,0.18105822567877308,,False,,,,,coarse_jcls,Coarse JCLS,202833087286.90137,True,30,0,19,,True,coarse_jcls_full_gauged_v24_theta,19,3,10000.0,,v24_three_stage_dynamic,fig6_localization_vs_clock_std_human_review,202832486823.30844,finite_crlb,0,19,True,30,19,25,8,3,19,31150.61086407275,31150.40049511427,31150.610873807043,,Rank diagnostics use the full gauged V24 theta and scenario links for the selected epoch count; they are not baseline-specific observability claims.,full_jcls_scenario_not_baseline_observability,clock_sweep,False,2.3636146550773844e-05,6,20329066,10000.0
,False,,13636.297664839434,5,,19,False,"[19, 19]",0.0001557980783143111,1e-05,False,,step3_dynamic_sci_sfi_information_update,19,updated_upstream_not_converged,,19,False,True,updated_not_converged,False,True,refined_jcls,"Refined JCLS, 0.5 s",202832412105.06186,True,150,0,19,,True,refined_jcls_full_gauged_v24_theta,19,3,10000.0,,v24_three_stage_dynamic,fig6_localization_vs_clock_std_human_review,202832193546.1047,finite_crlb,0,19,True,150,19,5,8,3,19,26025.22643181961,26024.98772055884,26025.226438914335,,Rank diagnostics use the full gauged V24 theta and scenario links for the selected epoch count; they are not baseline-specific observability claims.,full_jcls_scenario_not_baseline_observability,clock_sweep,False,2.1490363967585538e-05,6,20329066,10000.0
,,,,,,,,,,1e-05,False,,step1_coarse_individual_dl_gn,,,,,False,,,,,without_cooperation,Without cooperation,58.324027861554555,True,24,0,9,"[{'user_id': 1, 'measurement_count': 8, 'state_dim': 3, 'rank': 3, 'nullity': 0, 'is_full_rank': True, 'condition_number': 58.324027861554555}, {'user_id': 2, 'measurement_count': 8, 'state_dim': 3, 'rank': 3, 'nullity': 0, 'is_full_rank': True, 'condition_number': 58.28742096590536}, {'user_id': 3, 'measurement_count': 8, 'state_dim': 3, 'rank': 3, 'nullity': 0, 'is_full_rank': True, 'condition_number': 58.261017836416165}]",True,without_cooperation_independent_dl_position_blocks,9,3,10000.0,,v24_three_stage_dynamic,fig6_localization_vs_clock_std_human_review,202832486823.30844,finite_crlb,0,19,True,30,19,,8,3,19,3750.4775413520015,2957.931389637588,4005.9547211035256,,Rank diagnostics use the full gauged V24 theta and scenario links for the selected epoch count; they are not baseline-specific observability claims.,full_jcls_scenario_not_baseline_observability,clock_sweep,True,6.545715839275454e-06,7,20336985,10000.0
15,False,0.6969171937625634,,25,True,19,False,,,1e-05,False,6.836737616909403,step2_joint_lm_jcls,,updated_not_converged,0.20684904887425726,,False,,,,,coarse_jcls,Coarse JCLS,202833087286.90137,True,30,0,19,,True,coarse_jcls_full_gauged_v24_theta,19,3,10000.0,,v24_three_stage_dynamic,fig6_localization_vs_clock_std_human_review,202832486823.30844,finite_crlb,0,19,True,30,19,25,8,3,19,30797.69931522003,30797.642705280072,30797.699333812085,,Rank diagnostics use the full gauged V24 theta and scenario links for the selected epoch count; they are not baseline-specific observability claims.,full_jcls_scenario_not_baseline_observability,clock_sweep,False,2.2658291501631554e-05,7,20336985,10000.0
,False,,2055.1665553877624,5,,19,False,"[19, 19]",0.00029036275987979045,1e-05,False,,step3_dynamic_sci_sfi_information_update,19,updated_upstream_not_converged,,19,False,True,updated_not_converged,False,True,refined_jcls,"Refined JCLS, 0.5 s",202832412105.06186,True,150,0,19,,True,refined_jcls_full_gauged_v24_theta,19,3,10000.0,,v24_three_stage_dynamic,fig6_localization_vs_clock_std_human_review,202832193546.1047,finite_crlb,0,19,True,150,19,5,8,3,19,22743.13449286655,22743.039969956066,22743.134496454473,,Rank diagnostics use the full gauged V24 theta and scenario links for the selected epoch count; they are not baseline-specific observability claims.,full_jcls_scenario_not_baseline_observability,clock_sweep,False,1.3842085746965625e-05,7,20336985,10000.0
