algorithm_accepted_steps,algorithm_converged,algorithm_final_damping,algorithm_final_innovation_norm,algorithm_iteration_count,algorithm_iteration_limit_reached,algorithm_jacobian_rank,algorithm_numerical_failure,algorithm_pi_shape,algorithm_posterior_covariance_trace,algorithm_process_noise_std_km,algorithm_reference_satellite_clock_in_state,algorithm_residual_norm,algorithm_stage,algorithm_state_dim,algorithm_status,algorithm_step_norm,algorithm_theta_dim,algorithm_truth_centered_initialization,algorithm_update_completed,algorithm_upstream_status,algorithm_upstream_success,algorithm_uses_innovation_z_minus_h_pred,baseline_id,baseline_label,baseline_observability_condition_number,baseline_observability_is_full_rank,baseline_observability_measurement_count,baseline_observability_nullity,baseline_observability_rank,baseline_observability_records,baseline_observability_reportable,baseline_observability_scope,baseline_observability_state_dim,candidate_only,clock_std_ns,cost,estimator_mode,family,figure_ids,full_jcls_scenario_condition_number,full_jcls_scenario_crlb_status,full_jcls_scenario_fim_nullity,full_jcls_scenario_fim_rank,full_jcls_scenario_is_full_rank,full_jcls_scenario_measurement_count,full_jcls_scenario_parameter_dim,manuscript_ready,nfev,non_final,not_for_manuscript_submission,num_satellites,num_users,parameter_dim,phase,position_error_mean_m,position_error_median_m,position_error_rmse_m,rank_metadata_note,rank_metadata_scope,row_id,series_value,single_ue_cooperative_jcls,success,sync_error_mean_s,sync_error_ns,trial,truth_used_only_for_offline_metrics,x_value
,,,,,,,,,,1e-05,False,,step1_coarse_individual_dl_gn,,,,,False,,,,,without_cooperation,Without cooperation,15.599292007219065,True,3,0,3,"[{'condition_number': 15.599292007219065, 'is_full_rank': True, 'measurement_count': 3, 'nullity': 0, 'rank': 3, 'state_dim': 3, 'user_id': 1}]",True,without_cooperation_independent_dl_position_blocks,3,True,1000.0,,step_c7_residual_cov_sync_safeguard,network_size,fig4;fig5,1.684410664774882e+17,rank_deficient_diagnostic,3,3,False,3,6,False,,True,True,3,1,6,network_size,823.5949743358883,823.5949743358883,823.5949743358883,Rank diagnostics use the full gauged V24 theta and scenario links for the selected epoch count; they are not baseline-specific observability claims.,full_jcls_scenario_not_baseline_observability,network_nu1_ns3_trial0,1,False,True,1.0825522706879516e-06,1082.5522706879515,0,True,3
,,,,,,,,,,1e-05,False,,step1_coarse_individual_dl_gn,,,,,False,,,,,without_cooperation,Without cooperation,16.17596780716302,True,4,0,3,"[{'condition_number': 16.17596780716302, 'is_full_rank': True, 'measurement_count': 4, 'nullity': 0, 'rank': 3, 'state_dim': 3, 'user_id': 1}]",True,without_cooperation_independent_dl_position_blocks,3,True,1000.0,,step_c7_residual_cov_sync_safeguard,network_size,fig4;fig5,2.4030608001481613e+17,rank_deficient_diagnostic,3,4,False,4,7,False,,True,True,4,1,7,network_size,1473.9949802403803,1473.9949802403803,1473.9949802403803,Rank diagnostics use the full gauged V24 theta and scenario links for the selected epoch count; they are not baseline-specific observability claims.,full_jcls_scenario_not_baseline_observability,network_nu1_ns4_trial0,1,False,True,1.1244150149871642e-06,1124.415014987164,0,True,4
,,,,,,,,,,1e-05,False,,step1_coarse_individual_dl_gn,,,,,False,,,,,without_cooperation,Without cooperation,17.38895836589681,True,5,0,3,"[{'condition_number': 17.38895836589681, 'is_full_rank': True, 'measurement_count': 5, 'nullity': 0, 'rank': 3, 'state_dim': 3, 'user_id': 1}]",True,without_cooperation_independent_dl_position_blocks,3,True,1000.0,,step_c7_residual_cov_sync_safeguard,network_size,fig4;fig5,1.5852094190628252e+18,rank_deficient_diagnostic,3,5,False,5,8,False,,True,True,5,1,8,network_size,573.7139623609296,573.7139623609296,573.7139623609296,Rank diagnostics use the full gauged V24 theta and scenario links for the selected epoch count; they are not baseline-specific observability claims.,full_jcls_scenario_not_baseline_observability,network_nu1_ns5_trial0,1,False,True,6.617915256642905e-07,661.7915256642905,0,True,5
,,,,,,,,,,1e-05,False,,step1_coarse_individual_dl_gn,,,,,False,,,,,without_cooperation,Without cooperation,18.360515958923436,True,6,0,3,"[{'condition_number': 18.360515958923436, 'is_full_rank': True, 'measurement_count': 6, 'nullity': 0, 'rank': 3, 'state_dim': 3, 'user_id': 1}]",True,without_cooperation_independent_dl_position_blocks,3,True,1000.0,,step_c7_residual_cov_sync_safeguard,network_size,fig4;fig5,7.125481500177857e+17,rank_deficient_diagnostic,3,6,False,6,9,False,,True,True,6,1,9,network_size,693.8625950790548,693.8625950790548,693.8625950790548,Rank diagnostics use the full gauged V24 theta and scenario links for the selected epoch count; they are not baseline-specific observability claims.,full_jcls_scenario_not_baseline_observability,network_nu1_ns6_trial0,1,False,True,9.112062225126856e-07,911.2062225126856,0,True,6
,,,,,,,,,,1e-05,False,,step1_coarse_individual_dl_gn,,,,,False,,,,,without_cooperation,Without cooperation,19.25213801835958,True,7,0,3,"[{'condition_number': 19.25213801835958, 'is_full_rank': True, 'measurement_count': 7, 'nullity': 0, 'rank': 3, 'state_dim': 3, 'user_id': 1}]",True,without_cooperation_independent_dl_position_blocks,3,True,1000.0,,step_c7_residual_cov_sync_safeguard,network_size,fig4;fig5,8.227042157443014e+16,rank_deficient_diagnostic,3,7,False,7,10,False,,True,True,7,1,10,network_size,453.5996801144015,453.5996801144015,453.5996801144015,Rank diagnostics use the full gauged V24 theta and scenario links for the selected epoch count; they are not baseline-specific observability claims.,full_jcls_scenario_not_baseline_observability,network_nu1_ns7_trial0,1,False,True,6.203453281116575e-07,620.3453281116575,0,True,7
,,,,,,,,,,1e-05,False,,step1_coarse_individual_dl_gn,,,,,False,,,,,without_cooperation,Without cooperation,20.30255079773311,True,8,0,3,"[{'condition_number': 20.30255079773311, 'is_full_rank': True, 'measurement_count': 8, 'nullity': 0, 'rank': 3, 'state_dim': 3, 'user_id': 1}]",True,without_cooperation_independent_dl_position_blocks,3,True,1000.0,,step_c7_residual_cov_sync_safeguard,network_size,fig4;fig5,7.011718094311053e+16,rank_deficient_diagnostic,3,8,False,8,11,False,,True,True,8,1,11,network_size,325.7470488995654,325.7470488995654,325.7470488995654,Rank diagnostics use the full gauged V24 theta and scenario links for the selected epoch count; they are not baseline-specific observability claims.,full_jcls_scenario_not_baseline_observability,network_nu1_ns8_trial0,1,False,True,8.194815904759175e-07,819.4815904759175,0,True,8
,,,,,,,,,,1e-05,False,,step1_coarse_individual_dl_gn,,,,,False,,,,,without_cooperation,Without cooperation,21.308454919285904,True,9,0,3,"[{'condition_number': 21.308454919285904, 'is_full_rank': True, 'measurement_count': 9, 'nullity': 0, 'rank': 3, 'state_dim': 3, 'user_id': 1}]",True,without_cooperation_independent_dl_position_blocks,3,True,1000.0,,step_c7_residual_cov_sync_safeguard,network_size,fig4;fig5,2.934958622897367e+17,rank_deficient_diagnostic,3,9,False,9,12,False,,True,True,9,1,12,network_size,1112.230180278354,1112.230180278354,1112.230180278354,Rank diagnostics use the full gauged V24 theta and scenario links for the selected epoch count; they are not baseline-specific observability claims.,full_jcls_scenario_not_baseline_observability,network_nu1_ns9_trial0,1,False,True,1.0481881285116728e-06,1048.1881285116729,0,True,9
,,,,,,,,,,1e-05,False,,step1_coarse_individual_dl_gn,,,,,False,,,,,without_cooperation,Without cooperation,22.320069263655142,True,10,0,3,"[{'condition_number': 22.320069263655142, 'is_full_rank': True, 'measurement_count': 10, 'nullity': 0, 'rank': 3, 'state_dim': 3, 'user_id': 1}]",True,without_cooperation_independent_dl_position_blocks,3,True,1000.0,,step_c7_residual_cov_sync_safeguard,network_size,fig4;fig5,2.1025638874567306e+17,rank_deficient_diagnostic,3,10,False,10,13,False,,True,True,10,1,13,network_size,720.505493966283,720.505493966283,720.505493966283,Rank diagnostics use the full gauged V24 theta and scenario links for the selected epoch count; they are not baseline-specific observability claims.,full_jcls_scenario_not_baseline_observability,network_nu1_ns10_trial0,1,False,True,8.085460132473526e-07,808.5460132473526,0,True,10
,,,,,,,,,,1e-05,False,,step1_coarse_individual_dl_gn,,,,,False,,,,,without_cooperation,Without cooperation,23.355120125092693,True,11,0,3,"[{'condition_number': 23.355120125092693, 'is_full_rank': True, 'measurement_count': 11, 'nullity': 0, 'rank': 3, 'state_dim': 3, 'user_id': 1}]",True,without_cooperation_independent_dl_position_blocks,3,True,1000.0,,step_c7_residual_cov_sync_safeguard,network_size,fig4;fig5,5.118419468215184e+17,rank_deficient_diagnostic,3,11,False,11,14,False,,True,True,11,1,14,network_size,151.35199081336128,151.35199081336128,151.35199081336128,Rank diagnostics use the full gauged V24 theta and scenario links for the selected epoch count; they are not baseline-specific observability claims.,full_jcls_scenario_not_baseline_observability,network_nu1_ns11_trial0,1,False,True,5.083689449987685e-07,508.3689449987685,0,True,11
,,,,,,,,,,1e-05,False,,step1_coarse_individual_dl_gn,,,,,False,,,,,without_cooperation,Without cooperation,24.400059511065116,True,12,0,3,"[{'condition_number': 24.400059511065116, 'is_full_rank': True, 'measurement_count': 12, 'nullity': 0, 'rank': 3, 'state_dim': 3, 'user_id': 1}]",True,without_cooperation_independent_dl_position_blocks,3,True,1000.0,,step_c7_residual_cov_sync_safeguard,network_size,fig4;fig5,6.109572112270501e+16,rank_deficient_diagnostic,3,12,False,12,15,False,,True,True,12,1,15,network_size,566.1291356442636,566.1291356442636,566.1291356442636,Rank diagnostics use the full gauged V24 theta and scenario links for the selected epoch count; they are not baseline-specific observability claims.,full_jcls_scenario_not_baseline_observability,network_nu1_ns12_trial0,1,False,True,9.374953463853432e-07,937.4953463853432,0,True,12
,,,,,,,,,,1e-05,False,,step1_coarse_individual_dl_gn,,,,,False,,,,,without_cooperation,Without cooperation,25.510552947292837,True,13,0,3,"[{'condition_number': 25.510552947292837, 'is_full_rank': True, 'measurement_count': 13, 'nullity': 0, 'rank': 3, 'state_dim': 3, 'user_id': 1}]",True,without_cooperation_independent_dl_position_blocks,3,True,1000.0,,step_c7_residual_cov_sync_safeguard,network_size,fig4;fig5,5.2351310907155206e+17,rank_deficient_diagnostic,3,13,False,13,16,False,,True,True,13,1,16,network_size,311.66216630887493,311.66216630887493,311.66216630887493,Rank diagnostics use the full gauged V24 theta and scenario links for the selected epoch count; they are not baseline-specific observability claims.,full_jcls_scenario_not_baseline_observability,network_nu1_ns13_trial0,1,False,True,9.81037650386483e-07,981.0376503864829,0,True,13
,,,,,,,,,,1e-05,False,,step1_coarse_individual_dl_gn,,,,,False,,,,,without_cooperation,Without cooperation,26.60830431085109,True,14,0,3,"[{'condition_number': 26.60830431085109, 'is_full_rank': True, 'measurement_count': 14, 'nullity': 0, 'rank': 3, 'state_dim': 3, 'user_id': 1}]",True,without_cooperation_independent_dl_position_blocks,3,True,1000.0,,step_c7_residual_cov_sync_safeguard,network_size,fig4;fig5,1.4297423120214067e+18,rank_deficient_diagnostic,3,14,False,14,17,False,,True,True,14,1,17,network_size,842.1367826681625,842.1367826681625,842.1367826681625,Rank diagnostics use the full gauged V24 theta and scenario links for the selected epoch count; they are not baseline-specific observability claims.,full_jcls_scenario_not_baseline_observability,network_nu1_ns14_trial0,1,False,True,8.188422246163873e-07,818.8422246163873,0,True,14
,,,,,,,,,,1e-05,False,,step1_coarse_individual_dl_gn,,,,,False,,,,,without_cooperation,Without cooperation,27.70640995592134,True,15,0,3,"[{'condition_number': 27.70640995592134, 'is_full_rank': True, 'measurement_count': 15, 'nullity': 0, 'rank': 3, 'state_dim': 3, 'user_id': 1}]",True,without_cooperation_independent_dl_position_blocks,3,True,1000.0,,step_c7_residual_cov_sync_safeguard,network_size,fig4;fig5,6.586372719316705e+18,rank_deficient_diagnostic,3,15,False,15,18,False,,True,True,15,1,18,network_size,773.4565851264099,773.4565851264099,773.4565851264099,Rank diagnostics use the full gauged V24 theta and scenario links for the selected epoch count; they are not baseline-specific observability claims.,full_jcls_scenario_not_baseline_observability,network_nu1_ns15_trial0,1,False,True,5.700630880161622e-07,570.0630880161622,0,True,15
14,False,20.907515812876888,,25,True,14,False,,,1e-05,False,1.0407795013453898,step2_joint_lm_jcls,,updated_not_converged,0.026293539347845517,,False,,,,,coarse_jcls,Coarse JCLS,42967054.45390105,True,15,0,14,,True,coarse_jcls_full_gauged_v24_theta,14,True,1000.0,,step_c7_residual_cov_sync_safeguard,network_size,fig4;fig5,42967054.55020796,finite_crlb,0,14,True,15,14,False,25,True,True,3,3,14,network_size,337.3861355334455,338.0501763858068,337.3876746761471,Rank diagnostics use the full gauged V24 theta and scenario links for the selected epoch count; they are not baseline-specific observability claims.,full_jcls_scenario_not_baseline_observability,network_nu3_ns3_trial0,3,,False,6.400509783401469e-07,640.0509783401469,0,True,3
1,True,,,,,,False,,,1e-05,False,,step3_residual_cov_sync_safeguard,,updated,,,False,True,,,,refined_jcls,"Refined JCLS, 0.5 s",42967054.53990287,True,45,0,14,,True,refined_jcls_full_gauged_v24_theta,14,True,1000.0,,step_c7_residual_cov_sync_safeguard,network_size,fig4;fig5,42967054.581944235,finite_crlb,0,14,True,45,14,False,1,True,True,3,3,14,network_size,325.97015155849687,326.4689700923193,325.9715450494816,Rank diagnostics use the full gauged V24 theta and scenario links for the selected epoch count; they are not baseline-specific observability claims.,full_jcls_scenario_not_baseline_observability,network_nu3_ns3_trial0,3,,True,6.305944097750458e-07,630.5944097750458,0,True,3
11,True,56450.292694767646,,24,False,15,False,,,1e-05,False,1.1136410959112855,step2_joint_lm_jcls,,converged,8.855272497432205e-14,,False,,,,,coarse_jcls,Coarse JCLS,37017258.43249537,True,18,0,15,,True,coarse_jcls_full_gauged_v24_theta,15,True,1000.0,,step_c7_residual_cov_sync_safeguard,network_size,fig4;fig5,37017258.48450764,finite_crlb,0,15,True,18,15,False,24,True,True,4,3,15,network_size,184.97887406185075,185.10848868192568,184.97909644886215,Rank diagnostics use the full gauged V24 theta and scenario links for the selected epoch count; they are not baseline-specific observability claims.,full_jcls_scenario_not_baseline_observability,network_nu3_ns4_trial0,3,,True,3.08754436467559e-07,308.754436467559,0,True,4
1,True,,,,,,False,,,1e-05,False,,step3_residual_cov_sync_safeguard,,updated,,,False,True,,,,refined_jcls,"Refined JCLS, 0.5 s",37017258.50479914,True,54,0,15,,True,refined_jcls_full_gauged_v24_theta,15,True,1000.0,,step_c7_residual_cov_sync_safeguard,network_size,fig4;fig5,37017258.44197922,finite_crlb,0,15,True,54,15,False,1,True,True,4,3,15,network_size,180.20289571016,180.27775340675637,180.20303741366962,Rank diagnostics use the full gauged V24 theta and scenario links for the selected epoch count; they are not baseline-specific observability claims.,full_jcls_scenario_not_baseline_observability,network_nu3_ns4_trial0,3,,True,3.1558350175371926e-07,315.58350175371925,0,True,4
9,True,0.005080526342529085,,14,False,16,False,,,1e-05,False,2.5564048066902365,step2_joint_lm_jcls,,converged,3.185997673025829e-09,,False,,,,,coarse_jcls,Coarse JCLS,11742612.97023923,True,21,0,16,,True,coarse_jcls_full_gauged_v24_theta,16,True,1000.0,,step_c7_residual_cov_sync_safeguard,network_size,fig4;fig5,11742612.966026466,finite_crlb,0,16,True,21,16,False,14,True,True,5,3,16,network_size,108.69221761786407,108.65384649429728,108.6924351367551,Rank diagnostics use the full gauged V24 theta and scenario links for the selected epoch count; they are not baseline-specific observability claims.,full_jcls_scenario_not_baseline_observability,network_nu3_ns5_trial0,3,,True,1.0334128722270863e-07,103.34128722270863,0,True,5
1,True,,,,,,False,,,1e-05,False,,step3_residual_cov_sync_safeguard,,updated,,,False,True,,,,refined_jcls,"Refined JCLS, 0.5 s",11742612.972761348,True,63,0,16,,True,refined_jcls_full_gauged_v24_theta,16,True,1000.0,,step_c7_residual_cov_sync_safeguard,network_size,fig4;fig5,11742612.968339602,finite_crlb,0,16,True,63,16,False,1,True,True,5,3,16,network_size,91.2602389885072,91.33116530862448,91.26062851713552,Rank diagnostics use the full gauged V24 theta and scenario links for the selected epoch count; they are not baseline-specific observability claims.,full_jcls_scenario_not_baseline_observability,network_nu3_ns5_trial0,3,,True,8.786273978745598e-08,87.86273978745598,0,True,5
11,False,564502.9269476763,,25,True,17,False,,,1e-05,False,2.4357409395963545,step2_joint_lm_jcls,,updated_not_converged,1.5861930127643882e-08,,False,,,,,coarse_jcls,Coarse JCLS,11319675.554007601,True,24,0,17,,True,coarse_jcls_full_gauged_v24_theta,17,True,1000.0,,step_c7_residual_cov_sync_safeguard,network_size,fig4;fig5,11319675.55099597,finite_crlb,0,17,True,24,17,False,25,True,True,6,3,17,network_size,66.25102003960876,66.05765313014537,66.251595484812,Rank diagnostics use the full gauged V24 theta and scenario links for the selected epoch count; they are not baseline-specific observability claims.,full_jcls_scenario_not_baseline_observability,network_nu3_ns6_trial0,3,,False,4.829643786295234e-08,48.29643786295234,0,True,6
1,True,,,,,,False,,,1e-05,False,,step3_residual_cov_sync_safeguard,,updated,,,False,True,,,,refined_jcls,"Refined JCLS, 0.5 s",11319675.549944099,True,72,0,17,,True,refined_jcls_full_gauged_v24_theta,17,True,1000.0,,step_c7_residual_cov_sync_safeguard,network_size,fig4;fig5,11319675.551943742,finite_crlb,0,17,True,72,17,False,1,True,True,6,3,17,network_size,46.78005169817087,46.6866794184825,46.78028375906204,Rank diagnostics use the full gauged V24 theta and scenario links for the selected epoch count; they are not baseline-specific observability claims.,full_jcls_scenario_not_baseline_observability,network_nu3_ns6_trial0,3,,True,3.199546071694812e-08,31.99546071694812,0,True,6
9,True,50805263.42529086,,24,False,18,False,,,1e-05,False,1.564956107804152,step2_joint_lm_jcls,,converged,5.083487466397827e-14,,False,,,,,coarse_jcls,Coarse JCLS,12712922.533864854,True,27,0,18,,True,coarse_jcls_full_gauged_v24_theta,18,True,1000.0,,step_c7_residual_cov_sync_safeguard,network_size,fig4;fig5,12712922.530422945,finite_crlb,0,18,True,27,18,False,24,True,True,7,3,18,network_size,13.917177206780432,13.896461511500007,13.917229582574489,Rank diagnostics use the full gauged V24 theta and scenario links for the selected epoch count; they are not baseline-specific observability claims.,full_jcls_scenario_not_baseline_observability,network_nu3_ns7_trial0,3,,True,2.2225343957814218e-08,22.225343957814218,0,True,7
1,True,,,,,,False,,,1e-05,False,,step3_residual_cov_sync_safeguard,,updated,,,False,True,,,,refined_jcls,"Refined JCLS, 0.5 s",12712922.533284184,True,81,0,18,,True,refined_jcls_full_gauged_v24_theta,18,True,1000.0,,step_c7_residual_cov_sync_safeguard,network_size,fig4;fig5,12712922.529211609,finite_crlb,0,18,True,81,18,False,1,True,True,7,3,18,network_size,15.412950953762852,15.442313552474289,15.413105256139527,Rank diagnostics use the full gauged V24 theta and scenario links for the selected epoch count; they are not baseline-specific observability claims.,full_jcls_scenario_not_baseline_observability,network_nu3_ns7_trial0,3,,True,2.0127843964148093e-08,20.12784396414809,0,True,7
8,True,0.015241579027587257,,13,False,19,False,,,1e-05,False,3.5367908448999774,step2_joint_lm_jcls,,converged,1.5885226429351117e-10,,False,,,,,coarse_jcls,Coarse JCLS,13108187.25890678,True,30,0,19,,True,coarse_jcls_full_gauged_v24_theta,19,True,1000.0,,step_c7_residual_cov_sync_safeguard,network_size,fig4;fig5,13108187.258453056,finite_crlb,0,19,True,30,19,False,13,True,True,8,3,19,network_size,56.986494798410185,57.08043149256208,56.98713813797482,Rank diagnostics use the full gauged V24 theta and scenario links for the selected epoch count; they are not baseline-specific observability claims.,full_jcls_scenario_not_baseline_observability,network_nu3_ns8_trial0,3,,True,5.882830446657772e-08,58.82830446657772,0,True,8
1,True,,,,,,False,,,1e-05,False,,step3_residual_cov_sync_safeguard,,updated,,,False,True,,,,refined_jcls,"Refined JCLS, 0.5 s",13108187.254516173,True,90,0,19,,True,refined_jcls_full_gauged_v24_theta,19,True,1000.0,,step_c7_residual_cov_sync_safeguard,network_size,fig4;fig5,13108187.252828907,finite_crlb,0,19,True,90,19,False,1,True,True,8,3,19,network_size,43.59905865049179,43.71246363721637,43.599557226140846,Rank diagnostics use the full gauged V24 theta and scenario links for the selected epoch count; they are not baseline-specific observability claims.,full_jcls_scenario_not_baseline_observability,network_nu3_ns8_trial0,3,,True,5.2868379278245584e-08,52.868379278245584,0,True,8
6,True,1.371742112482853e-06,,6,False,20,False,,,1e-05,False,2.976170646073121,step2_joint_lm_jcls,,converged,3.736849727838278e-09,,False,,,,,coarse_jcls,Coarse JCLS,13908674.66714321,True,33,0,20,,True,coarse_jcls_full_gauged_v24_theta,20,True,1000.0,,step_c7_residual_cov_sync_safeguard,network_size,fig4;fig5,13908674.667948103,finite_crlb,0,20,True,33,20,False,6,True,True,9,3,20,network_size,37.55493862555668,37.611595995882716,37.555273734769614,Rank diagnostics use the full gauged V24 theta and scenario links for the selected epoch count; they are not baseline-specific observability claims.,full_jcls_scenario_not_baseline_observability,network_nu3_ns9_trial0,3,,True,3.649052449073668e-08,36.490524490736675,0,True,9
1,True,,,,,,False,,,1e-05,False,,step3_residual_cov_sync_safeguard,,updated,,,False,True,,,,refined_jcls,"Refined JCLS, 0.5 s",13908674.666940568,True,99,0,20,,True,refined_jcls_full_gauged_v24_theta,20,True,1000.0,,step_c7_residual_cov_sync_safeguard,network_size,fig4;fig5,13908674.664952336,finite_crlb,0,20,True,99,20,False,1,True,True,9,3,20,network_size,30.229404717887462,30.25507442067818,30.22946559489783,Rank diagnostics use the full gauged V24 theta and scenario links for the selected epoch count; they are not baseline-specific observability claims.,full_jcls_scenario_not_baseline_observability,network_nu3_ns9_trial0,3,,True,3.045886074210549e-08,30.458860742105486,0,True,9
7,True,333333333333.3333,,25,False,21,False,,,1e-05,False,3.2912815334771843,step2_joint_lm_jcls,,converged,9.313535291293484e-17,,False,,,,,coarse_jcls,Coarse JCLS,14617186.003910052,True,36,0,21,,True,coarse_jcls_full_gauged_v24_theta,21,True,1000.0,,step_c7_residual_cov_sync_safeguard,network_size,fig4;fig5,14617186.009117136,finite_crlb,0,21,True,36,21,False,25,True,True,10,3,21,network_size,88.91264459964673,88.87911107104253,88.91288289525227,Rank diagnostics use the full gauged V24 theta and scenario links for the selected epoch count; they are not baseline-specific observability claims.,full_jcls_scenario_not_baseline_observability,network_nu3_ns10_trial0,3,,True,8.272267228060846e-08,82.72267228060845,0,True,10
1,True,,,,,,False,,,1e-05,False,,step3_residual_cov_sync_safeguard,,updated,,,False,True,,,,refined_jcls,"Refined JCLS, 0.5 s",14617186.013789905,True,108,0,21,,True,refined_jcls_full_gauged_v24_theta,21,True,1000.0,,step_c7_residual_cov_sync_safeguard,network_size,fig4;fig5,14617186.016557777,finite_crlb,0,21,True,108,21,False,1,True,True,10,3,21,network_size,77.48539803995874,77.45201931184039,77.48562472792922,Rank diagnostics use the full gauged V24 theta and scenario links for the selected epoch count; they are not baseline-specific observability claims.,full_jcls_scenario_not_baseline_observability,network_nu3_ns10_trial0,3,,True,7.185969157204933e-08,71.85969157204933,0,True,10
10,False,16935087.8084303,,25,True,22,False,,,1e-05,False,3.9235772154991024,step2_joint_lm_jcls,,updated_not_converged,3.810988316657439e-07,,False,,,,,coarse_jcls,Coarse JCLS,14101117.129976956,True,39,0,22,,True,coarse_jcls_full_gauged_v24_theta,22,True,1000.0,,step_c7_residual_cov_sync_safeguard,network_size,fig4;fig5,14101117.13398095,finite_crlb,0,22,True,39,22,False,25,True,True,11,3,22,network_size,33.03518584615299,32.98241253206474,33.03530376266743,Rank diagnostics use the full gauged V24 theta and scenario links for the selected epoch count; they are not baseline-specific observability claims.,full_jcls_scenario_not_baseline_observability,network_nu3_ns11_trial0,3,,False,3.914959224351504e-08,39.149592243515045,0,True,11
1,True,,,,,,False,,,1e-05,False,,step3_residual_cov_sync_safeguard,,updated,,,False,True,,,,refined_jcls,"Refined JCLS, 0.5 s",14101117.134702573,True,117,0,22,,True,refined_jcls_full_gauged_v24_theta,22,True,1000.0,,step_c7_residual_cov_sync_safeguard,network_size,fig4;fig5,14101117.134230025,finite_crlb,0,22,True,117,22,False,1,True,True,11,3,22,network_size,27.82540023794699,27.803937226147752,27.825536851921946,Rank diagnostics use the full gauged V24 theta and scenario links for the selected epoch count; they are not baseline-specific observability claims.,full_jcls_scenario_not_baseline_observability,network_nu3_ns11_trial0,3,,True,3.3304778961782884e-08,33.30477896178289,0,True,11
9,True,50.80526342529087,,18,False,23,False,,,1e-05,False,4.632282997401996,step2_joint_lm_jcls,,converged,1.7820515860082e-10,,False,,,,,coarse_jcls,Coarse JCLS,14399023.356229493,True,42,0,23,,True,coarse_jcls_full_gauged_v24_theta,23,True,1000.0,,step_c7_residual_cov_sync_safeguard,network_size,fig4;fig5,14399023.35933796,finite_crlb,0,23,True,42,23,False,18,True,True,12,3,23,network_size,78.64307990901345,78.60028451580064,78.6434510901426,Rank diagnostics use the full gauged V24 theta and scenario links for the selected epoch count; they are not baseline-specific observability claims.,full_jcls_scenario_not_baseline_observability,network_nu3_ns12_trial0,3,,True,1.1308929355056108e-07,113.08929355056108,0,True,12
1,True,,,,,,False,,,1e-05,False,,step3_residual_cov_sync_safeguard,,updated,,,False,True,,,,refined_jcls,"Refined JCLS, 0.5 s",14399023.356393483,True,126,0,23,,True,refined_jcls_full_gauged_v24_theta,23,True,1000.0,,step_c7_residual_cov_sync_safeguard,network_size,fig4;fig5,14399023.358183723,finite_crlb,0,23,True,126,23,False,1,True,True,12,3,23,network_size,75.18770144285774,75.15768984171059,75.18774703214923,Rank diagnostics use the full gauged V24 theta and scenario links for the selected epoch count; they are not baseline-specific observability claims.,full_jcls_scenario_not_baseline_observability,network_nu3_ns12_trial0,3,,True,1.0852263596969764e-07,108.52263596969763,0,True,12
9,True,50.80526342529087,,18,False,24,False,,,1e-05,False,5.645263628184017,step2_joint_lm_jcls,,converged,3.8159005313073e-09,,False,,,,,coarse_jcls,Coarse JCLS,14729513.557980072,True,45,0,24,,True,coarse_jcls_full_gauged_v24_theta,24,True,1000.0,,step_c7_residual_cov_sync_safeguard,network_size,fig4;fig5,14729513.55523314,finite_crlb,0,24,True,45,24,False,18,True,True,13,3,24,network_size,88.65935669209061,88.7805919261742,88.66014347457684,Rank diagnostics use the full gauged V24 theta and scenario links for the selected epoch count; they are not baseline-specific observability claims.,full_jcls_scenario_not_baseline_observability,network_nu3_ns13_trial0,3,,True,1.249235031987866e-07,124.9235031987866,0,True,13
1,True,,,,,,False,,,1e-05,False,,step3_residual_cov_sync_safeguard,,updated,,,False,True,,,,refined_jcls,"Refined JCLS, 0.5 s",14729513.552686587,True,135,0,24,,True,refined_jcls_full_gauged_v24_theta,24,True,1000.0,,step_c7_residual_cov_sync_safeguard,network_size,fig4;fig5,14729513.558468455,finite_crlb,0,24,True,135,24,False,1,True,True,13,3,24,network_size,79.88301579513364,79.87346671217288,79.8830726584246,Rank diagnostics use the full gauged V24 theta and scenario links for the selected epoch count; they are not baseline-specific observability claims.,full_jcls_scenario_not_baseline_observability,network_nu3_ns13_trial0,3,,True,1.1851338977562273e-07,118.51338977562273,0,True,13
10,False,16935087.808430284,,25,True,25,False,,,1e-05,False,5.353146047531796,step2_joint_lm_jcls,,updated_not_converged,7.163568565228245e-08,,False,,,,,coarse_jcls,Coarse JCLS,14493455.555568496,True,48,0,25,,True,coarse_jcls_full_gauged_v24_theta,25,True,1000.0,,step_c7_residual_cov_sync_safeguard,network_size,fig4;fig5,14493455.545138812,finite_crlb,0,25,True,48,25,False,25,True,True,14,3,25,network_size,38.18004716871396,38.21096513867816,38.180074118333934,Rank diagnostics use the full gauged V24 theta and scenario links for the selected epoch count; they are not baseline-specific observability claims.,full_jcls_scenario_not_baseline_observability,network_nu3_ns14_trial0,3,,False,3.046024785952138e-08,30.46024785952138,0,True,14
1,True,,,,,,False,,,1e-05,False,,step3_residual_cov_sync_safeguard,,updated,,,False,True,,,,refined_jcls,"Refined JCLS, 0.5 s",14493455.547330054,True,144,0,25,,True,refined_jcls_full_gauged_v24_theta,25,True,1000.0,,step_c7_residual_cov_sync_safeguard,network_size,fig4;fig5,14493455.54485999,finite_crlb,0,25,True,144,25,False,1,True,True,14,3,25,network_size,22.115957161918285,22.182676096698952,22.11633451850179,Rank diagnostics use the full gauged V24 theta and scenario links for the selected epoch count; they are not baseline-specific observability claims.,full_jcls_scenario_not_baseline_observability,network_nu3_ns14_trial0,3,,True,2.0019375532943263e-08,20.019375532943265,0,True,14
5,True,333333333333.3333,,22,False,26,False,,,1e-05,False,4.666714125856635,step2_joint_lm_jcls,,converged,4.271682250407522e-18,,False,,,,,coarse_jcls,Coarse JCLS,16022131.772369318,True,51,0,26,,True,coarse_jcls_full_gauged_v24_theta,26,True,1000.0,,step_c7_residual_cov_sync_safeguard,network_size,fig4;fig5,16022131.766800052,finite_crlb,0,26,True,51,26,False,22,True,True,15,3,26,network_size,41.92541649198028,42.05141864901093,41.927165161151265,Rank diagnostics use the full gauged V24 theta and scenario links for the selected epoch count; they are not baseline-specific observability claims.,full_jcls_scenario_not_baseline_observability,network_nu3_ns15_trial0,3,,True,5.861264244153287e-08,58.61264244153287,0,True,15
1,True,,,,,,False,,,1e-05,False,,step3_residual_cov_sync_safeguard,,updated,,,False,True,,,,refined_jcls,"Refined JCLS, 0.5 s",16022131.76689842,True,153,0,26,,True,refined_jcls_full_gauged_v24_theta,26,True,1000.0,,step_c7_residual_cov_sync_safeguard,network_size,fig4;fig5,16022131.772551896,finite_crlb,0,26,True,153,26,False,1,True,True,15,3,26,network_size,41.49207957198101,41.66330296013363,41.493163989489375,Rank diagnostics use the full gauged V24 theta and scenario links for the selected epoch count; they are not baseline-specific observability claims.,full_jcls_scenario_not_baseline_observability,network_nu3_ns15_trial0,3,,True,5.6809523279432544e-08,56.80952327943255,0,True,15
8,True,15241579027.587257,,25,False,22,False,,,1e-05,False,2.7924153619369836,step2_joint_lm_jcls,,converged,1.2598627224536368e-17,,False,,,,,coarse_jcls,Coarse JCLS,21541848.712870657,True,35,0,22,,True,coarse_jcls_full_gauged_v24_theta,22,True,1000.0,,step_c7_residual_cov_sync_safeguard,network_size,fig4;fig5,21541848.74756592,finite_crlb,0,22,True,35,22,False,25,True,True,3,5,22,network_size,106.2746235063343,106.29557746698752,106.27474446428987,Rank diagnostics use the full gauged V24 theta and scenario links for the selected epoch count; they are not baseline-specific observability claims.,full_jcls_scenario_not_baseline_observability,network_nu5_ns3_trial0,5,,True,3.2442766193284865e-08,32.44276619328487,0,True,3
1,True,,,,,,False,,,1e-05,False,,step3_residual_cov_sync_safeguard,,updated,,,False,True,,,,refined_jcls,"Refined JCLS, 0.5 s",21541848.71539368,True,105,0,22,,True,refined_jcls_full_gauged_v24_theta,22,True,1000.0,,step_c7_residual_cov_sync_safeguard,network_size,fig4;fig5,21541848.723767366,finite_crlb,0,22,True,105,22,False,1,True,True,3,5,22,network_size,94.43341001927851,94.37244285027506,94.43346320418578,Rank diagnostics use the full gauged V24 theta and scenario links for the selected epoch count; they are not baseline-specific observability claims.,full_jcls_scenario_not_baseline_observability,network_nu5_ns3_trial0,5,,True,3.0418618080476726e-08,30.418618080476726,0,True,3
10,False,16935087.80843029,,25,True,23,False,,,1e-05,False,4.6161276668906375,step2_joint_lm_jcls,,updated_not_converged,3.66354317035584e-08,,False,,,,,coarse_jcls,Coarse JCLS,16523471.322721539,True,40,0,23,,True,coarse_jcls_full_gauged_v24_theta,23,True,1000.0,,step_c7_residual_cov_sync_safeguard,network_size,fig4;fig5,16523471.346282901,finite_crlb,0,23,True,40,23,False,25,True,True,4,5,23,network_size,163.17790761558172,163.18782759263482,163.1779715650953,Rank diagnostics use the full gauged V24 theta and scenario links for the selected epoch count; they are not baseline-specific observability claims.,full_jcls_scenario_not_baseline_observability,network_nu5_ns4_trial0,5,,False,9.233499290610989e-08,92.33499290610989,0,True,4
1,True,,,,,,False,,,1e-05,False,,step3_residual_cov_sync_safeguard,,updated,,,False,True,,,,refined_jcls,"Refined JCLS, 0.5 s",16523471.349497555,True,120,0,23,,True,refined_jcls_full_gauged_v24_theta,23,True,1000.0,,step_c7_residual_cov_sync_safeguard,network_size,fig4;fig5,16523471.341224471,finite_crlb,0,23,True,120,23,False,1,True,True,4,5,23,network_size,139.38758531901829,139.31879011125267,139.38762108253553,Rank diagnostics use the full gauged V24 theta and scenario links for the selected epoch count; they are not baseline-specific observability claims.,full_jcls_scenario_not_baseline_observability,network_nu5_ns4_trial0,5,,True,8.213360701837579e-08,82.13360701837578,0,True,4
9,True,50.80526342529084,,18,False,24,False,,,1e-05,False,5.350174883989235,step2_joint_lm_jcls,,converged,9.72988769919471e-09,,False,,,,,coarse_jcls,Coarse JCLS,10724611.957797399,True,45,0,24,,True,coarse_jcls_full_gauged_v24_theta,24,True,1000.0,,step_c7_residual_cov_sync_safeguard,network_size,fig4;fig5,10724611.954220554,finite_crlb,0,24,True,45,24,False,18,True,True,5,5,24,network_size,125.01448381159716,124.98952347104856,125.01452816218169,Rank diagnostics use the full gauged V24 theta and scenario links for the selected epoch count; they are not baseline-specific observability claims.,full_jcls_scenario_not_baseline_observability,network_nu5_ns5_trial0,5,,True,7.638489081978476e-08,76.38489081978476,0,True,5
1,True,,,,,,False,,,1e-05,False,,step3_residual_cov_sync_safeguard,,updated,,,False,True,,,,refined_jcls,"Refined JCLS, 0.5 s",10724611.954442201,True,135,0,24,,True,refined_jcls_full_gauged_v24_theta,24,True,1000.0,,step_c7_residual_cov_sync_safeguard,network_size,fig4;fig5,10724611.952914357,finite_crlb,0,24,True,135,24,False,1,True,True,5,5,24,network_size,103.32588737812337,103.30463773671924,103.32592669533638,Rank diagnostics use the full gauged V24 theta and scenario links for the selected epoch count; they are not baseline-specific observability claims.,full_jcls_scenario_not_baseline_observability,network_nu5_ns5_trial0,5,,True,6.197972079816071e-08,61.97972079816071,0,True,5
7,True,0.45724737082761785,,13,False,25,False,,,1e-05,False,4.811773148884944,step2_joint_lm_jcls,,converged,2.176773222382952e-09,,False,,,,,coarse_jcls,Coarse JCLS,9790259.85934965,True,50,0,25,,True,coarse_jcls_full_gauged_v24_theta,25,True,1000.0,,step_c7_residual_cov_sync_safeguard,network_size,fig4;fig5,9790259.866402784,finite_crlb,0,25,True,50,25,False,13,True,True,6,5,25,network_size,92.08601831796508,91.98701248243863,92.0862537438865,Rank diagnostics use the full gauged V24 theta and scenario links for the selected epoch count; they are not baseline-specific observability claims.,full_jcls_scenario_not_baseline_observability,network_nu5_ns6_trial0,5,,True,9.024405228264207e-08,90.24405228264207,0,True,6
1,True,,,,,,False,,,1e-05,False,,step3_residual_cov_sync_safeguard,,updated,,,False,True,,,,refined_jcls,"Refined JCLS, 0.5 s",9790259.859937463,True,150,0,25,,True,refined_jcls_full_gauged_v24_theta,25,True,1000.0,,step_c7_residual_cov_sync_safeguard,network_size,fig4;fig5,9790259.861856986,finite_crlb,0,25,True,150,25,False,1,True,True,6,5,25,network_size,84.44721936910244,84.45504891000225,84.4472882700954,Rank diagnostics use the full gauged V24 theta and scenario links for the selected epoch count; they are not baseline-specific observability claims.,full_jcls_scenario_not_baseline_observability,network_nu5_ns6_trial0,5,,True,9.30316017106956e-08,93.0316017106956,0,True,6
8,True,1.5241579027587256e-07,,8,False,26,False,,,1e-05,False,4.09812165228202,step2_joint_lm_jcls,,converged,2.1460992900908854e-10,,False,,,,,coarse_jcls,Coarse JCLS,9137923.54837138,True,55,0,26,,True,coarse_jcls_full_gauged_v24_theta,26,True,1000.0,,step_c7_residual_cov_sync_safeguard,network_size,fig4;fig5,9137923.545726959,finite_crlb,0,26,True,55,26,False,8,True,True,7,5,26,network_size,76.61078757070167,76.69809819158992,76.61102499920135,Rank diagnostics use the full gauged V24 theta and scenario links for the selected epoch count; they are not baseline-specific observability claims.,full_jcls_scenario_not_baseline_observability,network_nu5_ns7_trial0,5,,True,1.3024295615548032e-07,130.24295615548033,0,True,7
1,True,,,,,,False,,,1e-05,False,,step3_residual_cov_sync_safeguard,,updated,,,False,True,,,,refined_jcls,"Refined JCLS, 0.5 s",9137923.543272642,True,165,0,26,,True,refined_jcls_full_gauged_v24_theta,26,True,1000.0,,step_c7_residual_cov_sync_safeguard,network_size,fig4;fig5,9137923.542654932,finite_crlb,0,26,True,165,26,False,1,True,True,7,5,26,network_size,70.04633246048135,69.99917241344781,70.04639643964059,Rank diagnostics use the full gauged V24 theta and scenario links for the selected epoch count; they are not baseline-specific observability claims.,full_jcls_scenario_not_baseline_observability,network_nu5_ns7_trial0,5,,True,1.167184225816021e-07,116.71842258160211,0,True,7
7,True,333333333333.3333,,25,False,27,False,,,1e-05,False,5.928818326366142,step2_joint_lm_jcls,,converged,6.116517263152574e-18,,False,,,,,coarse_jcls,Coarse JCLS,8269724.138907241,True,60,0,27,,True,coarse_jcls_full_gauged_v24_theta,27,True,1000.0,,step_c7_residual_cov_sync_safeguard,network_size,fig4;fig5,8269724.137979502,finite_crlb,0,27,True,60,27,False,25,True,True,8,5,27,network_size,92.84270359152391,92.8755606846206,92.84296780186375,Rank diagnostics use the full gauged V24 theta and scenario links for the selected epoch count; they are not baseline-specific observability claims.,full_jcls_scenario_not_baseline_observability,network_nu5_ns8_trial0,5,,True,1.4913145498038954e-07,149.13145498038955,0,True,8
1,True,,,,,,False,,,1e-05,False,,step3_residual_cov_sync_safeguard,,updated,,,False,True,,,,refined_jcls,"Refined JCLS, 0.5 s",8269724.138914265,True,180,0,27,,True,refined_jcls_full_gauged_v24_theta,27,True,1000.0,,step_c7_residual_cov_sync_safeguard,network_size,fig4;fig5,8269724.1373993615,finite_crlb,0,27,True,180,27,False,1,True,True,8,5,27,network_size,90.30487120866616,90.43184946855891,90.30510016112943,Rank diagnostics use the full gauged V24 theta and scenario links for the selected epoch count; they are not baseline-specific observability claims.,full_jcls_scenario_not_baseline_observability,network_nu5_ns8_trial0,5,,True,1.46138403808025e-07,146.138403808025,0,True,8
7,True,4.5724737082761767e-07,,7,False,28,False,,,1e-05,False,5.700429203733468,step2_joint_lm_jcls,,converged,7.628008334187133e-10,,False,,,,,coarse_jcls,Coarse JCLS,7677789.608774569,True,65,0,28,,True,coarse_jcls_full_gauged_v24_theta,28,True,1000.0,,step_c7_residual_cov_sync_safeguard,network_size,fig4;fig5,7677789.608359325,finite_crlb,0,28,True,65,28,False,7,True,True,9,5,28,network_size,24.34792747616333,24.3122260214246,24.348296593450165,Rank diagnostics use the full gauged V24 theta and scenario links for the selected epoch count; they are not baseline-specific observability claims.,full_jcls_scenario_not_baseline_observability,network_nu5_ns9_trial0,5,,True,2.4502855665803715e-08,24.502855665803715,0,True,9
1,True,,,,,,False,,,1e-05,False,,step3_residual_cov_sync_safeguard,,updated,,,False,True,,,,refined_jcls,"Refined JCLS, 0.5 s",7677789.605071926,True,195,0,28,,True,refined_jcls_full_gauged_v24_theta,28,True,1000.0,,step_c7_residual_cov_sync_safeguard,network_size,fig4;fig5,7677789.605798497,finite_crlb,0,28,True,195,28,False,1,True,True,9,5,28,network_size,23.609893070681956,23.571069775109812,23.610143015330316,Rank diagnostics use the full gauged V24 theta and scenario links for the selected epoch count; they are not baseline-specific observability claims.,full_jcls_scenario_not_baseline_observability,network_nu5_ns9_trial0,5,,True,2.2950550538348923e-08,22.95055053834892,0,True,9
7,True,4.5724737082761765e-06,,8,False,29,False,,,1e-05,False,5.652511285779592,step2_joint_lm_jcls,,converged,3.3767293399185406e-10,,False,,,,,coarse_jcls,Coarse JCLS,7177891.8075349,True,70,0,29,,True,coarse_jcls_full_gauged_v24_theta,29,True,1000.0,,step_c7_residual_cov_sync_safeguard,network_size,fig4;fig5,7177891.809760108,finite_crlb,0,29,True,70,29,False,8,True,True,10,5,29,network_size,46.505782748345794,46.53422793803031,46.50621904198795,Rank diagnostics use the full gauged V24 theta and scenario links for the selected epoch count; they are not baseline-specific observability claims.,full_jcls_scenario_not_baseline_observability,network_nu5_ns10_trial0,5,,True,6.959118809046309e-08,69.59118809046309,0,True,10
1,True,,,,,,False,,,1e-05,False,,step3_residual_cov_sync_safeguard,,updated,,,False,True,,,,refined_jcls,"Refined JCLS, 0.5 s",7177891.807904491,True,210,0,29,,True,refined_jcls_full_gauged_v24_theta,29,True,1000.0,,step_c7_residual_cov_sync_safeguard,network_size,fig4;fig5,7177891.809197221,finite_crlb,0,29,True,210,29,False,1,True,True,10,5,29,network_size,43.88564474757824,43.87201931509818,43.88565178487867,Rank diagnostics use the full gauged V24 theta and scenario links for the selected epoch count; they are not baseline-specific observability claims.,full_jcls_scenario_not_baseline_observability,network_nu5_ns10_trial0,5,,True,6.537598758566531e-08,65.37598758566531,0,True,10
7,True,0.4572473708276177,,13,False,30,False,,,1e-05,False,6.70469402787511,step2_joint_lm_jcls,,converged,2.8339677679148257e-10,,False,,,,,coarse_jcls,Coarse JCLS,6736688.280329564,True,75,0,30,,True,coarse_jcls_full_gauged_v24_theta,30,True,1000.0,,step_c7_residual_cov_sync_safeguard,network_size,fig4;fig5,6736688.280633975,finite_crlb,0,30,True,75,30,False,13,True,True,11,5,30,network_size,62.45585451458866,62.308498972834585,62.45664040782183,Rank diagnostics use the full gauged V24 theta and scenario links for the selected epoch count; they are not baseline-specific observability claims.,full_jcls_scenario_not_baseline_observability,network_nu5_ns11_trial0,5,,True,6.643924796742199e-08,66.43924796742199,0,True,11
1,True,,,,,,False,,,1e-05,False,,step3_residual_cov_sync_safeguard,,updated,,,False,True,,,,refined_jcls,"Refined JCLS, 0.5 s",6736688.28505178,True,225,0,30,,True,refined_jcls_full_gauged_v24_theta,30,True,1000.0,,step_c7_residual_cov_sync_safeguard,network_size,fig4;fig5,6736688.282231653,finite_crlb,0,30,True,225,30,False,1,True,True,11,5,30,network_size,55.96633442891014,55.84895662887303,55.966746888686835,Rank diagnostics use the full gauged V24 theta and scenario links for the selected epoch count; they are not baseline-specific observability claims.,full_jcls_scenario_not_baseline_observability,network_nu5_ns11_trial0,5,,True,6.343151271307187e-08,63.43151271307187,0,True,11
8,True,1.5241579027587254e-06,,9,False,31,False,,,1e-05,False,6.417581266485784,step2_joint_lm_jcls,,converged,3.7525814908311165e-11,,False,,,,,coarse_jcls,Coarse JCLS,6488886.788437943,True,80,0,31,,True,coarse_jcls_full_gauged_v24_theta,31,True,1000.0,,step_c7_residual_cov_sync_safeguard,network_size,fig4;fig5,6488886.7883919645,finite_crlb,0,31,True,80,31,False,9,True,True,12,5,31,network_size,52.28536556198502,52.26717612172511,52.285752685338814,Rank diagnostics use the full gauged V24 theta and scenario links for the selected epoch count; they are not baseline-specific observability claims.,full_jcls_scenario_not_baseline_observability,network_nu5_ns12_trial0,5,,True,8.93557238716347e-08,89.3557238716347,0,True,12
1,True,,,,,,False,,,1e-05,False,,step3_residual_cov_sync_safeguard,,updated,,,False,True,,,,refined_jcls,"Refined JCLS, 0.5 s",6488886.787395258,True,240,0,31,,True,refined_jcls_full_gauged_v24_theta,31,True,1000.0,,step_c7_residual_cov_sync_safeguard,network_size,fig4;fig5,6488886.787587741,finite_crlb,0,31,True,240,31,False,1,True,True,12,5,31,network_size,50.250950342292796,50.24401792801992,50.251303766741536,Rank diagnostics use the full gauged V24 theta and scenario links for the selected epoch count; they are not baseline-specific observability claims.,full_jcls_scenario_not_baseline_observability,network_nu5_ns12_trial0,5,,True,8.628221723779121e-08,86.28221723779122,0,True,12
7,True,4.5724737082761774e-05,,9,False,32,False,,,1e-05,False,6.614727862121784,step2_joint_lm_jcls,,converged,6.59390576576746e-12,,False,,,,,coarse_jcls,Coarse JCLS,6253051.522987367,True,85,0,32,,True,coarse_jcls_full_gauged_v24_theta,32,True,1000.0,,step_c7_residual_cov_sync_safeguard,network_size,fig4;fig5,6253051.523613692,finite_crlb,0,32,True,85,32,False,9,True,True,13,5,32,network_size,43.18455274033243,43.21783933129894,43.18464170126906,Rank diagnostics use the full gauged V24 theta and scenario links for the selected epoch count; they are not baseline-specific observability claims.,full_jcls_scenario_not_baseline_observability,network_nu5_ns13_trial0,5,,True,4.679259842733508e-08,46.79259842733508,0,True,13
1,True,,,,,,False,,,1e-05,False,,step3_residual_cov_sync_safeguard,,updated,,,False,True,,,,refined_jcls,"Refined JCLS, 0.5 s",6253051.522532937,True,255,0,32,,True,refined_jcls_full_gauged_v24_theta,32,True,1000.0,,step_c7_residual_cov_sync_safeguard,network_size,fig4;fig5,6253051.523061654,finite_crlb,0,32,True,255,32,False,1,True,True,13,5,32,network_size,37.83788465452879,37.83432926793988,37.837945593795574,Rank diagnostics use the full gauged V24 theta and scenario links for the selected epoch count; they are not baseline-specific observability claims.,full_jcls_scenario_not_baseline_observability,network_nu5_ns13_trial0,5,,True,4.090369101441296e-08,40.903691014412956,0,True,13
8,True,0.015241579027587255,,13,False,33,False,,,1e-05,False,6.302035374047733,step2_joint_lm_jcls,,converged,7.011722407134063e-11,,False,,,,,coarse_jcls,Coarse JCLS,5757347.812195669,True,90,0,33,,True,coarse_jcls_full_gauged_v24_theta,33,True,1000.0,,step_c7_residual_cov_sync_safeguard,network_size,fig4;fig5,5757347.811290836,finite_crlb,0,33,True,90,33,False,13,True,True,14,5,33,network_size,52.96516241418392,52.91202961541724,52.965278805692456,Rank diagnostics use the full gauged V24 theta and scenario links for the selected epoch count; they are not baseline-specific observability claims.,full_jcls_scenario_not_baseline_observability,network_nu5_ns14_trial0,5,,True,8.274536605777977e-08,82.74536605777976,0,True,14
1,True,,,,,,False,,,1e-05,False,,step3_residual_cov_sync_safeguard,,updated,,,False,True,,,,refined_jcls,"Refined JCLS, 0.5 s",5757347.812450994,True,270,0,33,,True,refined_jcls_full_gauged_v24_theta,33,True,1000.0,,step_c7_residual_cov_sync_safeguard,network_size,fig4;fig5,5757347.812777506,finite_crlb,0,33,True,270,33,False,1,True,True,14,5,33,network_size,50.28578346960027,50.298139981358766,50.28585117771709,Rank diagnostics use the full gauged V24 theta and scenario links for the selected epoch count; they are not baseline-specific observability claims.,full_jcls_scenario_not_baseline_observability,network_nu5_ns14_trial0,5,,True,7.86295125917139e-08,78.62951259171389,0,True,14
7,True,457247.3708276179,,19,False,34,False,,,1e-05,False,6.457448886855328,step2_joint_lm_jcls,,converged,3.967722537117818e-14,,False,,,,,coarse_jcls,Coarse JCLS,5520430.79032458,True,95,0,34,,True,coarse_jcls_full_gauged_v24_theta,34,True,1000.0,,step_c7_residual_cov_sync_safeguard,network_size,fig4;fig5,5520430.789762608,finite_crlb,0,34,True,95,34,False,19,True,True,15,5,34,network_size,22.029672711598725,22.07027032116993,22.02995703161563,Rank diagnostics use the full gauged V24 theta and scenario links for the selected epoch count; they are not baseline-specific observability claims.,full_jcls_scenario_not_baseline_observability,network_nu5_ns15_trial0,5,,True,1.933352963412694e-08,19.33352963412694,0,True,15
1,True,,,,,,False,,,1e-05,False,,step3_residual_cov_sync_safeguard,,updated,,,False,True,,,,refined_jcls,"Refined JCLS, 0.5 s",5520430.789514843,True,285,0,34,,True,refined_jcls_full_gauged_v24_theta,34,True,1000.0,,step_c7_residual_cov_sync_safeguard,network_size,fig4;fig5,5520430.789413241,finite_crlb,0,34,True,285,34,False,1,True,True,15,5,34,network_size,21.437976044730554,21.450679278678464,21.438217955451506,Rank diagnostics use the full gauged V24 theta and scenario links for the selected epoch count; they are not baseline-specific observability claims.,full_jcls_scenario_not_baseline_observability,network_nu5_ns15_trial0,5,,True,1.8311087669425725e-08,18.311087669425724,0,True,15
8,False,15241579027.58726,,25,True,30,False,,,1e-05,False,6.49303506599113,step2_joint_lm_jcls,,updated_not_converged,3.532472078311542e-05,,False,,,,,coarse_jcls,Coarse JCLS,26861559.416216575,True,63,0,30,,True,coarse_jcls_full_gauged_v24_theta,30,True,1000.0,,step_c7_residual_cov_sync_safeguard,network_size,fig4;fig5,26861559.382316366,finite_crlb,0,30,True,63,30,False,25,True,True,3,7,30,network_size,79.51749991047016,79.68653009677911,79.5184542691029,Rank diagnostics use the full gauged V24 theta and scenario links for the selected epoch count; they are not baseline-specific observability claims.,full_jcls_scenario_not_baseline_observability,network_nu7_ns3_trial0,7,,False,2.286498739399907e-08,22.86498739399907,0,True,3
1,True,,,,,,False,,,1e-05,False,,step3_residual_cov_sync_safeguard,,updated,,,False,True,,,,refined_jcls,"Refined JCLS, 0.5 s",26861559.455366965,True,189,0,30,,True,refined_jcls_full_gauged_v24_theta,30,True,1000.0,,step_c7_residual_cov_sync_safeguard,network_size,fig4;fig5,26861559.42494337,finite_crlb,0,30,True,189,30,False,1,True,True,3,7,30,network_size,69.2927157197765,69.47397520638968,69.2934789986522,Rank diagnostics use the full gauged V24 theta and scenario links for the selected epoch count; they are not baseline-specific observability claims.,full_jcls_scenario_not_baseline_observability,network_nu7_ns3_trial0,7,,True,2.1061578712325252e-08,21.061578712325254,0,True,3
10,True,0.0016935087808430292,,15,False,31,False,,,1e-05,False,6.070599615772378,step2_joint_lm_jcls,,converged,7.833109696454115e-11,,False,,,,,coarse_jcls,Coarse JCLS,16441646.22097844,True,70,0,31,,True,coarse_jcls_full_gauged_v24_theta,31,True,1000.0,,step_c7_residual_cov_sync_safeguard,network_size,fig4;fig5,16441646.208451685,finite_crlb,0,31,True,70,31,False,15,True,True,4,7,31,network_size,101.03894951414716,101.08207298793907,101.03912406931894,Rank diagnostics use the full gauged V24 theta and scenario links for the selected epoch count; they are not baseline-specific observability claims.,full_jcls_scenario_not_baseline_observability,network_nu7_ns4_trial0,7,,True,6.906010226968138e-08,69.06010226968138,0,True,4
1,True,,,,,,False,,,1e-05,False,,step3_residual_cov_sync_safeguard,,updated,,,False,True,,,,refined_jcls,"Refined JCLS, 0.5 s",16441646.208524926,True,210,0,31,,True,refined_jcls_full_gauged_v24_theta,31,True,1000.0,,step_c7_residual_cov_sync_safeguard,network_size,fig4;fig5,16441646.238487396,finite_crlb,0,31,True,210,31,False,1,True,True,4,7,31,network_size,82.03796106825403,82.0269735673301,82.03809820879293,Rank diagnostics use the full gauged V24 theta and scenario links for the selected epoch count; they are not baseline-specific observability claims.,full_jcls_scenario_not_baseline_observability,network_nu7_ns4_trial0,7,,True,6.788505267480241e-08,67.88505267480241,0,True,4
9,True,508052634.25290865,,25,False,32,False,,,1e-05,False,6.895153553833055,step2_joint_lm_jcls,,converged,6.304027637724643e-16,,False,,,,,coarse_jcls,Coarse JCLS,12155327.439745806,True,77,0,32,,True,coarse_jcls_full_gauged_v24_theta,32,True,1000.0,,step_c7_residual_cov_sync_safeguard,network_size,fig4;fig5,12155327.436194256,finite_crlb,0,32,True,77,32,False,25,True,True,5,7,32,network_size,7.323387810962295,7.363094247587557,7.323744133743722,Rank diagnostics use the full gauged V24 theta and scenario links for the selected epoch count; they are not baseline-specific observability claims.,full_jcls_scenario_not_baseline_observability,network_nu7_ns5_trial0,7,,True,4.709927391921246e-09,4.709927391921246,0,True,5
1,True,,,,,,False,,,1e-05,False,,step3_residual_cov_sync_safeguard,,updated,,,False,True,,,,refined_jcls,"Refined JCLS, 0.5 s",12155327.425376898,True,231,0,32,,True,refined_jcls_full_gauged_v24_theta,32,True,1000.0,,step_c7_residual_cov_sync_safeguard,network_size,fig4;fig5,12155327.427376045,finite_crlb,0,32,True,231,32,False,1,True,True,5,7,32,network_size,8.590012521968069,8.56952251023561,8.590284982154262,Rank diagnostics use the full gauged V24 theta and scenario links for the selected epoch count; they are not baseline-specific observability claims.,full_jcls_scenario_not_baseline_observability,network_nu7_ns5_trial0,7,,True,7.449508248567763e-09,7.4495082485677635,0,True,5
9,True,508052.63425290864,,22,False,33,False,,,1e-05,False,6.674791694668031,step2_joint_lm_jcls,,converged,7.886296158134116e-14,,False,,,,,coarse_jcls,Coarse JCLS,10816124.305384291,True,84,0,33,,True,coarse_jcls_full_gauged_v24_theta,33,True,1000.0,,step_c7_residual_cov_sync_safeguard,network_size,fig4;fig5,10816124.311191976,finite_crlb,0,33,True,84,33,False,22,True,True,6,7,33,network_size,52.6472291866948,52.62647006978644,52.647318879105356,Rank diagnostics use the full gauged V24 theta and scenario links for the selected epoch count; they are not baseline-specific observability claims.,full_jcls_scenario_not_baseline_observability,network_nu7_ns6_trial0,7,,True,2.3274756234553912e-08,23.274756234553912,0,True,6
1,True,,,,,,False,,,1e-05,False,,step3_residual_cov_sync_safeguard,,updated,,,False,True,,,,refined_jcls,"Refined JCLS, 0.5 s",10816124.30620322,True,252,0,33,,True,refined_jcls_full_gauged_v24_theta,33,True,1000.0,,step_c7_residual_cov_sync_safeguard,network_size,fig4;fig5,10816124.302989878,finite_crlb,0,33,True,252,33,False,1,True,True,6,7,33,network_size,49.08594451961981,49.093292556625904,49.08597672771243,Rank diagnostics use the full gauged V24 theta and scenario links for the selected epoch count; they are not baseline-specific observability claims.,full_jcls_scenario_not_baseline_observability,network_nu7_ns6_trial0,7,,True,2.0986060288098123e-08,20.986060288098123,0,True,6
9,True,5080526.342529084,,23,False,34,False,,,1e-05,False,8.259143351408884,step2_joint_lm_jcls,,converged,1.6172697153545223e-13,,False,,,,,coarse_jcls,Coarse JCLS,9642259.010325702,True,91,0,34,,True,coarse_jcls_full_gauged_v24_theta,34,True,1000.0,,step_c7_residual_cov_sync_safeguard,network_size,fig4;fig5,9642259.007698148,finite_crlb,0,34,True,91,34,False,23,True,True,7,7,34,network_size,56.159810919469074,56.19885587756184,56.16006506405173,Rank diagnostics use the full gauged V24 theta and scenario links for the selected epoch count; they are not baseline-specific observability claims.,full_jcls_scenario_not_baseline_observability,network_nu7_ns7_trial0,7,,True,5.146644456359597e-08,51.46644456359597,0,True,7
1,True,,,,,,False,,,1e-05,False,,step3_residual_cov_sync_safeguard,,updated,,,False,True,,,,refined_jcls,"Refined JCLS, 0.5 s",9642259.004474308,True,273,0,34,,True,refined_jcls_full_gauged_v24_theta,34,True,1000.0,,step_c7_residual_cov_sync_safeguard,network_size,fig4;fig5,9642259.008566651,finite_crlb,0,34,True,273,34,False,1,True,True,7,7,34,network_size,47.53084707245931,47.5162083945085,47.530913649547095,Rank diagnostics use the full gauged V24 theta and scenario links for the selected epoch count; they are not baseline-specific observability claims.,full_jcls_scenario_not_baseline_observability,network_nu7_ns7_trial0,7,,True,4.5940991489166935e-08,45.94099148916693,0,True,7
7,True,4.5724737082761774e-05,,9,False,35,False,,,1e-05,False,8.263536616356186,step2_joint_lm_jcls,,converged,9.149157356757805e-10,,False,,,,,coarse_jcls,Coarse JCLS,8751696.732662685,True,98,0,35,,True,coarse_jcls_full_gauged_v24_theta,35,True,1000.0,,step_c7_residual_cov_sync_safeguard,network_size,fig4;fig5,8751696.734170457,finite_crlb,0,35,True,98,35,False,9,True,True,8,7,35,network_size,41.435406383878544,41.383780380963955,41.435588659228635,Rank diagnostics use the full gauged V24 theta and scenario links for the selected epoch count; they are not baseline-specific observability claims.,full_jcls_scenario_not_baseline_observability,network_nu7_ns8_trial0,7,,True,4.6396421381860074e-08,46.39642138186007,0,True,8
1,True,,,,,,False,,,1e-05,False,,step3_residual_cov_sync_safeguard,,updated,,,False,True,,,,refined_jcls,"Refined JCLS, 0.5 s",8751696.733119389,True,294,0,35,,True,refined_jcls_full_gauged_v24_theta,35,True,1000.0,,step_c7_residual_cov_sync_safeguard,network_size,fig4;fig5,8751696.731138239,finite_crlb,0,35,True,294,35,False,1,True,True,8,7,35,network_size,36.17296165197408,36.14866981342583,36.17302788788233,Rank diagnostics use the full gauged V24 theta and scenario links for the selected epoch count; they are not baseline-specific observability claims.,full_jcls_scenario_not_baseline_observability,network_nu7_ns8_trial0,7,,True,3.9927409058182096e-08,39.92740905818209,0,True,8
7,True,4.5724737082761767e-07,,7,False,36,False,,,1e-05,False,9.051362174240063,step2_joint_lm_jcls,,converged,2.2300745249555756e-10,,False,,,,,coarse_jcls,Coarse JCLS,7826735.275027156,True,105,0,36,,True,coarse_jcls_full_gauged_v24_theta,36,True,1000.0,,step_c7_residual_cov_sync_safeguard,network_size,fig4;fig5,7826735.2741132565,finite_crlb,0,36,True,105,36,False,7,True,True,9,7,36,network_size,72.98132284388251,72.94023322587722,72.98156657396416,Rank diagnostics use the full gauged V24 theta and scenario links for the selected epoch count; they are not baseline-specific observability claims.,full_jcls_scenario_not_baseline_observability,network_nu7_ns9_trial0,7,,True,1.3270641810802376e-07,132.70641810802377,0,True,9
1,True,,,,,,False,,,1e-05,False,,step3_residual_cov_sync_safeguard,,updated,,,False,True,,,,refined_jcls,"Refined JCLS, 0.5 s",7826735.27005465,True,315,0,36,,True,refined_jcls_full_gauged_v24_theta,36,True,1000.0,,step_c7_residual_cov_sync_safeguard,network_size,fig4;fig5,7826735.270483394,finite_crlb,0,36,True,315,36,False,1,True,True,9,7,36,network_size,66.72571479617548,66.72845039849561,66.72586031925326,Rank diagnostics use the full gauged V24 theta and scenario links for the selected epoch count; they are not baseline-specific observability claims.,full_jcls_scenario_not_baseline_observability,network_nu7_ns9_trial0,7,,True,1.223339451856839e-07,122.33394518568389,0,True,9
7,True,4.5724737082761767e-07,,7,False,37,False,,,1e-05,False,8.403941341474022,step2_joint_lm_jcls,,converged,4.888388575182018e-09,,False,,,,,coarse_jcls,Coarse JCLS,7140844.971596785,True,112,0,37,,True,coarse_jcls_full_gauged_v24_theta,37,True,1000.0,,step_c7_residual_cov_sync_safeguard,network_size,fig4;fig5,7140844.970234459,finite_crlb,0,37,True,112,37,False,7,True,True,10,7,37,network_size,51.06633988648908,51.06516656627765,51.06660565023176,Rank diagnostics use the full gauged V24 theta and scenario links for the selected epoch count; they are not baseline-specific observability claims.,full_jcls_scenario_not_baseline_observability,network_nu7_ns10_trial0,7,,True,4.76341152479642e-08,47.634115247964196,0,True,10
1,True,,,,,,False,,,1e-05,False,,step3_residual_cov_sync_safeguard,,updated,,,False,True,,,,refined_jcls,"Refined JCLS, 0.5 s",7140844.972442299,True,336,0,37,,True,refined_jcls_full_gauged_v24_theta,37,True,1000.0,,step_c7_residual_cov_sync_safeguard,network_size,fig4;fig5,7140844.9715627665,finite_crlb,0,37,True,336,37,False,1,True,True,10,7,37,network_size,47.839877763826316,47.90787039937642,47.8402587929225,Rank diagnostics use the full gauged V24 theta and scenario links for the selected epoch count; they are not baseline-specific observability claims.,full_jcls_scenario_not_baseline_observability,network_nu7_ns10_trial0,7,,True,4.586643969697008e-08,45.86643969697008,0,True,10
7,True,333333333333.3333,,25,False,38,False,,,1e-05,False,7.524752534677261,step2_joint_lm_jcls,,converged,8.865447389796219e-18,,False,,,,,coarse_jcls,Coarse JCLS,6563856.640952657,True,119,0,38,,True,coarse_jcls_full_gauged_v24_theta,38,True,1000.0,,step_c7_residual_cov_sync_safeguard,network_size,fig4;fig5,6563856.643747351,finite_crlb,0,38,True,119,38,False,25,True,True,11,7,38,network_size,40.046035373312726,40.071110598301594,40.04609397825794,Rank diagnostics use the full gauged V24 theta and scenario links for the selected epoch count; they are not baseline-specific observability claims.,full_jcls_scenario_not_baseline_observability,network_nu7_ns11_trial0,7,,True,6.013387057384361e-08,60.13387057384361,0,True,11
1,True,,,,,,False,,,1e-05,False,,step3_residual_cov_sync_safeguard,,updated,,,False,True,,,,refined_jcls,"Refined JCLS, 0.5 s",6563856.641007705,True,357,0,38,,True,refined_jcls_full_gauged_v24_theta,38,True,1000.0,,step_c7_residual_cov_sync_safeguard,network_size,fig4;fig5,6563856.643083305,finite_crlb,0,38,True,357,38,False,1,True,True,11,7,38,network_size,37.15327331450207,37.14236239808102,37.15336673515151,Rank diagnostics use the full gauged V24 theta and scenario links for the selected epoch count; they are not baseline-specific observability claims.,full_jcls_scenario_not_baseline_observability,network_nu7_ns11_trial0,7,,True,5.6219396927025934e-08,56.21939692702593,0,True,11
7,True,457247.3708276178,,19,False,39,False,,,1e-05,False,8.057461414737283,step2_joint_lm_jcls,,converged,7.285271641429237e-14,,False,,,,,coarse_jcls,Coarse JCLS,5979415.751965351,True,126,0,39,,True,coarse_jcls_full_gauged_v24_theta,39,True,1000.0,,step_c7_residual_cov_sync_safeguard,network_size,fig4;fig5,5979415.75265099,finite_crlb,0,39,True,126,39,False,19,True,True,12,7,39,network_size,32.676625072090815,32.671191640286004,32.676911349210435,Rank diagnostics use the full gauged V24 theta and scenario links for the selected epoch count; they are not baseline-specific observability claims.,full_jcls_scenario_not_baseline_observability,network_nu7_ns12_trial0,7,,True,1.975026603266897e-08,19.750266032668968,0,True,12
1,True,,,,,,False,,,1e-05,False,,step3_residual_cov_sync_safeguard,,updated,,,False,True,,,,refined_jcls,"Refined JCLS, 0.5 s",5979415.752240438,True,378,0,39,,True,refined_jcls_full_gauged_v24_theta,39,True,1000.0,,step_c7_residual_cov_sync_safeguard,network_size,fig4;fig5,5979415.752534542,finite_crlb,0,39,True,378,39,False,1,True,True,12,7,39,network_size,29.712291902799443,29.699588139504993,29.712493692229703,Rank diagnostics use the full gauged V24 theta and scenario links for the selected epoch count; they are not baseline-specific observability claims.,full_jcls_scenario_not_baseline_observability,network_nu7_ns12_trial0,7,,True,1.9677055430208503e-08,19.677055430208505,0,True,12
5,False,1000000000000.0,,25,True,40,False,,,1e-05,False,10.813457931491461,step2_joint_lm_jcls,,updated_not_converged,2.572591052194917e-05,,False,,,,,coarse_jcls,Coarse JCLS,5578500.374172021,True,133,0,40,,True,coarse_jcls_full_gauged_v24_theta,40,True,1000.0,,step_c7_residual_cov_sync_safeguard,network_size,fig4;fig5,5578500.374376703,finite_crlb,0,40,True,133,40,False,25,True,True,13,7,40,network_size,24.54857405640018,24.58378030235877,24.548798534201236,Rank diagnostics use the full gauged V24 theta and scenario links for the selected epoch count; they are not baseline-specific observability claims.,full_jcls_scenario_not_baseline_observability,network_nu7_ns13_trial0,7,,False,2.5413749514568728e-08,25.413749514568728,0,True,13
1,True,,,,,,False,,,1e-05,False,,step3_residual_cov_sync_safeguard,,updated,,,False,True,,,,refined_jcls,"Refined JCLS, 0.5 s",5578500.375528965,True,399,0,40,,True,refined_jcls_full_gauged_v24_theta,40,True,1000.0,,step_c7_residual_cov_sync_safeguard,network_size,fig4;fig5,5578500.374413723,finite_crlb,0,40,True,399,40,False,1,True,True,13,7,40,network_size,24.271141465776996,24.30425792438701,24.27165000098867,Rank diagnostics use the full gauged V24 theta and scenario links for the selected epoch count; they are not baseline-specific observability claims.,full_jcls_scenario_not_baseline_observability,network_nu7_ns13_trial0,7,,True,2.420956150346535e-08,24.209561503465352,0,True,13
7,True,4572473708.276176,,23,False,41,False,,,1e-05,False,9.76686350758077,step2_joint_lm_jcls,,converged,4.283076307943726e-16,,False,,,,,coarse_jcls,Coarse JCLS,5232847.879047723,True,140,0,41,,True,coarse_jcls_full_gauged_v24_theta,41,True,1000.0,,step_c7_residual_cov_sync_safeguard,network_size,fig4;fig5,5232847.8802993465,finite_crlb,0,41,True,140,41,False,23,True,True,14,7,41,network_size,10.737489372243038,10.800447887576894,10.738381964460357,Rank diagnostics use the full gauged V24 theta and scenario links for the selected epoch count; they are not baseline-specific observability claims.,full_jcls_scenario_not_baseline_observability,network_nu7_ns14_trial0,7,,True,5.627611830039012e-09,5.6276118300390126,0,True,14
1,True,,,,,,False,,,1e-05,False,,step3_residual_cov_sync_safeguard,,updated,,,False,True,,,,refined_jcls,"Refined JCLS, 0.5 s",5232847.879173171,True,420,0,41,,True,refined_jcls_full_gauged_v24_theta,41,True,1000.0,,step_c7_residual_cov_sync_safeguard,network_size,fig4;fig5,5232847.879855933,finite_crlb,0,41,True,420,41,False,1,True,True,14,7,41,network_size,10.110942288243123,10.120559503948611,10.111445461797647,Rank diagnostics use the full gauged V24 theta and scenario links for the selected epoch count; they are not baseline-specific observability claims.,full_jcls_scenario_not_baseline_observability,network_nu7_ns14_trial0,7,,True,5.581412424955327e-09,5.581412424955327,0,True,14
7,True,0.0004572473708276176,,10,False,42,False,,,1e-05,False,9.521846483642204,step2_joint_lm_jcls,,converged,4.279684393154417e-09,,False,,,,,coarse_jcls,Coarse JCLS,5066669.967831143,True,147,0,42,,True,coarse_jcls_full_gauged_v24_theta,42,True,1000.0,,step_c7_residual_cov_sync_safeguard,network_size,fig4;fig5,5066669.967983552,finite_crlb,0,42,True,147,42,False,10,True,True,15,7,42,network_size,21.800033664974865,21.813006295370297,21.800180671635133,Rank diagnostics use the full gauged V24 theta and scenario links for the selected epoch count; they are not baseline-specific observability claims.,full_jcls_scenario_not_baseline_observability,network_nu7_ns15_trial0,7,,True,3.580193035736469e-08,35.80193035736469,0,True,15
1,True,,,,,,False,,,1e-05,False,,step3_residual_cov_sync_safeguard,,updated,,,False,True,,,,refined_jcls,"Refined JCLS, 0.5 s",5066669.967657868,True,441,0,42,,True,refined_jcls_full_gauged_v24_theta,42,True,1000.0,,step_c7_residual_cov_sync_safeguard,network_size,fig4;fig5,5066669.9681218155,finite_crlb,0,42,True,441,42,False,1,True,True,15,7,42,network_size,22.339860565922447,22.324170583728133,22.33994495050301,Rank diagnostics use the full gauged V24 theta and scenario links for the selected epoch count; they are not baseline-specific observability claims.,full_jcls_scenario_not_baseline_observability,network_nu7_ns15_trial0,7,,True,3.693839198608254e-08,36.93839198608254,0,True,15
,,,,,,,,,,1e-05,False,,step1_coarse_individual_dl_gn,,,,,False,,,,,without_cooperation,Without cooperation,22.470320500809216,True,30,0,9,"[{'condition_number': 22.394016862183236, 'is_full_rank': True, 'measurement_count': 10, 'nullity': 0, 'rank': 3, 'state_dim': 3, 'user_id': 1}, {'condition_number': 22.470320500809216, 'is_full_rank': True, 'measurement_count': 10, 'nullity': 0, 'rank': 3, 'state_dim': 3, 'user_id': 2}, {'condition_number': 22.340271580337312, 'is_full_rank': True, 'measurement_count': 10, 'nullity': 0, 'rank': 3, 'state_dim': 3, 'user_id': 3}]",True,without_cooperation_independent_dl_position_blocks,9,True,100000.0,,step_c7_residual_cov_sync_safeguard,clock_sweep,fig6;fig7,14450226.82359599,finite_crlb,0,21,True,36,21,False,,True,True,10,3,21,clock_sweep_sparse,64384.50677902048,47090.930599585976,69182.76139456732,Rank diagnostics use the full gauged V24 theta and scenario links for the selected epoch count; they are not baseline-specific observability claims.,full_jcls_scenario_not_baseline_observability,clock_nu3_ns10_std1ep05_trial0,clock_sweep,,False,0.0001027639334240524,102763.9334240524,0,True,100000.0
12,False,18816.764231589204,,25,True,21,False,,,1e-05,False,1199.527755833868,step2_joint_lm_jcls,,updated_not_converged,0.03650207315645599,,False,,,,,coarse_jcls,Coarse JCLS,14450226.826696387,True,36,0,21,,True,coarse_jcls_full_gauged_v24_theta,21,True,100000.0,,step_c7_residual_cov_sync_safeguard,clock_sweep,fig6;fig7,14450226.82359599,finite_crlb,0,21,True,36,21,False,25,True,True,10,3,21,clock_sweep_sparse,102051.30130589443,101918.84416895459,102051.54447237893,Rank diagnostics use the full gauged V24 theta and scenario links for the selected epoch count; they are not baseline-specific observability claims.,full_jcls_scenario_not_baseline_observability,clock_nu3_ns10_std1ep05_trial0,clock_sweep,,False,7.020898143157338e-05,70208.98143157338,0,True,100000.0
0,True,,,,,,False,,,1e-05,False,,step3_residual_cov_sync_safeguard,,updated_with_clock_fallback,,,False,True,,,,refined_jcls,"Refined JCLS, 0.5 s",14450226.82251995,True,108,0,21,,True,refined_jcls_full_gauged_v24_theta,21,True,100000.0,,step_c7_residual_cov_sync_safeguard,clock_sweep,fig6;fig7,14450226.819253996,finite_crlb,0,21,True,108,21,False,0,True,True,10,3,21,clock_sweep_sparse,136738.37243526967,136719.64113404189,136738.37593751497,Rank diagnostics use the full gauged V24 theta and scenario links for the selected epoch count; they are not baseline-specific observability claims.,full_jcls_scenario_not_baseline_observability,clock_nu3_ns10_std1ep05_trial0,clock_sweep,,True,7.020898143157338e-05,70208.98143157338,0,True,100000.0
,,,,,,,,,,1e-05,False,,step1_coarse_individual_dl_gn,,,,,False,,,,,without_cooperation,Without cooperation,22.344358641173454,True,30,0,9,"[{'condition_number': 22.268832150909137, 'is_full_rank': True, 'measurement_count': 10, 'nullity': 0, 'rank': 3, 'state_dim': 3, 'user_id': 1}, {'condition_number': 22.344358641173454, 'is_full_rank': True, 'measurement_count': 10, 'nullity': 0, 'rank': 3, 'state_dim': 3, 'user_id': 2}, {'condition_number': 22.215400892751454, 'is_full_rank': True, 'measurement_count': 10, 'nullity': 0, 'rank': 3, 'state_dim': 3, 'user_id': 3}]",True,without_cooperation_independent_dl_position_blocks,9,True,1000.0,,step_c7_residual_cov_sync_safeguard,clock_sweep,fig6;fig7,14617186.009117136,finite_crlb,0,21,True,36,21,False,,True,True,10,3,21,clock_sweep_sparse,374.9320865557513,270.1610423789733,411.2934190033348,Rank diagnostics use the full gauged V24 theta and scenario links for the selected epoch count; they are not baseline-specific observability claims.,full_jcls_scenario_not_baseline_observability,clock_nu3_ns10_std1ep03_trial0,clock_sweep,,True,9.25389092915519e-07,925.3890929155191,0,True,1000.0
7,True,333333333333.3333,,25,False,21,False,,,1e-05,False,3.2912815334771843,step2_joint_lm_jcls,,converged,9.313535291293484e-17,,False,,,,,coarse_jcls,Coarse JCLS,14617186.003910052,True,36,0,21,,True,coarse_jcls_full_gauged_v24_theta,21,True,1000.0,,step_c7_residual_cov_sync_safeguard,clock_sweep,fig6;fig7,14617186.009117136,finite_crlb,0,21,True,36,21,False,25,True,True,10,3,21,clock_sweep_sparse,88.91264459964673,88.87911107104253,88.91288289525227,Rank diagnostics use the full gauged V24 theta and scenario links for the selected epoch count; they are not baseline-specific observability claims.,full_jcls_scenario_not_baseline_observability,clock_nu3_ns10_std1ep03_trial0,clock_sweep,,True,8.272267228060846e-08,82.72267228060845,0,True,1000.0
1,True,,,,,,False,,,1e-05,False,,step3_residual_cov_sync_safeguard,,updated,,,False,True,,,,refined_jcls,"Refined JCLS, 0.5 s",14617186.013789905,True,108,0,21,,True,refined_jcls_full_gauged_v24_theta,21,True,1000.0,,step_c7_residual_cov_sync_safeguard,clock_sweep,fig6;fig7,14617186.016557777,finite_crlb,0,21,True,108,21,False,1,True,True,10,3,21,clock_sweep_sparse,77.48539803995874,77.45201931184039,77.48562472792922,Rank diagnostics use the full gauged V24 theta and scenario links for the selected epoch count; they are not baseline-specific observability claims.,full_jcls_scenario_not_baseline_observability,clock_nu3_ns10_std1ep03_trial0,clock_sweep,,True,7.185969157204933e-08,71.85969157204933,0,True,1000.0
,,,,,,,,,,1e-05,False,,step1_coarse_individual_dl_gn,,,,,False,,,,,without_cooperation,Without cooperation,22.400101593722518,True,30,0,9,"[{'condition_number': 22.32393463283913, 'is_full_rank': True, 'measurement_count': 10, 'nullity': 0, 'rank': 3, 'state_dim': 3, 'user_id': 1}, {'condition_number': 22.400101593722518, 'is_full_rank': True, 'measurement_count': 10, 'nullity': 0, 'rank': 3, 'state_dim': 3, 'user_id': 2}, {'condition_number': 22.27044194970016, 'is_full_rank': True, 'measurement_count': 10, 'nullity': 0, 'rank': 3, 'state_dim': 3, 'user_id': 3}]",True,without_cooperation_independent_dl_position_blocks,9,True,10.0,,step_c7_residual_cov_sync_safeguard,clock_sweep,fig6;fig7,14141485.224400524,finite_crlb,0,21,True,36,21,False,,True,True,10,3,21,clock_sweep_sparse,1.7411216611615192,1.8057584243105744,1.7507615067809335,Rank diagnostics use the full gauged V24 theta and scenario links for the selected epoch count; they are not baseline-specific observability claims.,full_jcls_scenario_not_baseline_observability,clock_nu3_ns10_std1ep01_trial0,clock_sweep,,True,5.295997433343076e-09,5.295997433343076,0,True,10.0
3,False,1000000000000.0,,25,True,21,False,,,1e-05,False,3.792660719907249,step2_joint_lm_jcls,,updated_not_converged,9.171917876613799e-07,,False,,,,,coarse_jcls,Coarse JCLS,14141485.218687098,True,36,0,21,,True,coarse_jcls_full_gauged_v24_theta,21,True,10.0,,step_c7_residual_cov_sync_safeguard,clock_sweep,fig6;fig7,14141485.224400524,finite_crlb,0,21,True,36,21,False,25,True,True,10,3,21,clock_sweep_sparse,79.43169440640894,79.40507718839942,79.43179390356137,Rank diagnostics use the full gauged V24 theta and scenario links for the selected epoch count; they are not baseline-specific observability claims.,full_jcls_scenario_not_baseline_observability,clock_nu3_ns10_std1ep01_trial0,clock_sweep,,False,1.0074707325440908e-07,100.74707325440909,0,True,10.0
1,True,,,,,,False,,,1e-05,False,,step3_residual_cov_sync_safeguard,,updated,,,False,True,,,,refined_jcls,"Refined JCLS, 0.5 s",14141485.218518531,True,108,0,21,,True,refined_jcls_full_gauged_v24_theta,21,True,10.0,,step_c7_residual_cov_sync_safeguard,clock_sweep,fig6;fig7,14141485.218566762,finite_crlb,0,21,True,108,21,False,1,True,True,10,3,21,clock_sweep_sparse,79.29968227393911,79.30778292586845,79.2997007517254,Rank diagnostics use the full gauged V24 theta and scenario links for the selected epoch count; they are not baseline-specific observability claims.,full_jcls_scenario_not_baseline_observability,clock_nu3_ns10_std1ep01_trial0,clock_sweep,,True,1.0331405833851134e-07,103.31405833851133,0,True,10.0
,,,,,,,,,,1e-05,False,,step1_coarse_individual_dl_gn,,,,,False,,,,,without_cooperation,Without cooperation,22.434722651819563,True,30,0,9,"[{'condition_number': 22.358440565911838, 'is_full_rank': True, 'measurement_count': 10, 'nullity': 0, 'rank': 3, 'state_dim': 3, 'user_id': 1}, {'condition_number': 22.434722651819563, 'is_full_rank': True, 'measurement_count': 10, 'nullity': 0, 'rank': 3, 'state_dim': 3, 'user_id': 2}, {'condition_number': 22.304888583508372, 'is_full_rank': True, 'measurement_count': 10, 'nullity': 0, 'rank': 3, 'state_dim': 3, 'user_id': 3}]",True,without_cooperation_independent_dl_position_blocks,9,True,0.1,,step_c7_residual_cov_sync_safeguard,clock_sweep,fig6;fig7,15342144.768114947,finite_crlb,0,21,True,36,21,False,,True,True,10,3,21,clock_sweep_sparse,0.3942136761448909,0.48608631722433576,0.4314920881251091,Rank diagnostics use the full gauged V24 theta and scenario links for the selected epoch count; they are not baseline-specific observability claims.,full_jcls_scenario_not_baseline_observability,clock_nu3_ns10_std1em01_trial0,clock_sweep,,True,7.236079380437131e-11,0.07236079380437131,0,True,0.1
4,True,0.0012345679012345679,,6,False,21,False,,,1e-05,False,3.4475432907632966,step2_joint_lm_jcls,,converged,9.068293279039308e-09,,False,,,,,coarse_jcls,Coarse JCLS,15342144.761401776,True,36,0,21,,True,coarse_jcls_full_gauged_v24_theta,21,True,0.1,,step_c7_residual_cov_sync_safeguard,clock_sweep,fig6;fig7,15342144.768114947,finite_crlb,0,21,True,36,21,False,6,True,True,10,3,21,clock_sweep_sparse,106.32225132941555,106.43140565839163,106.32236508086318,Rank diagnostics use the full gauged V24 theta and scenario links for the selected epoch count; they are not baseline-specific observability claims.,full_jcls_scenario_not_baseline_observability,clock_nu3_ns10_std1em01_trial0,clock_sweep,,True,1.6900494396272632e-07,169.00494396272632,0,True,0.1
1,True,,,,,,False,,,1e-05,False,,step3_residual_cov_sync_safeguard,,updated,,,False,True,,,,refined_jcls,"Refined JCLS, 0.5 s",15342144.765061276,True,108,0,21,,True,refined_jcls_full_gauged_v24_theta,21,True,0.1,,step_c7_residual_cov_sync_safeguard,clock_sweep,fig6;fig7,15342144.770208936,finite_crlb,0,21,True,108,21,False,1,True,True,10,3,21,clock_sweep_sparse,104.36713528678217,104.39459000615048,104.36719484052547,Rank diagnostics use the full gauged V24 theta and scenario links for the selected epoch count; they are not baseline-specific observability claims.,full_jcls_scenario_not_baseline_observability,clock_nu3_ns10_std1em01_trial0,clock_sweep,,True,1.669697292782348e-07,166.9697292782348,0,True,0.1
